name,description_html,type_id,state_id,priority,assignees,extra_properties,cycle_name,module_name
港交所外汇期货做市交易系统建设需求说明书,<p></p>,5e8c9352-8553-4e87-97dc-88594010f83a,4657dc96-1572-41e3-becd-0ba3d4ff8e22,none,"[""943c1313-5035-46a0-b1e2-91e3a19546a6""]","{""req_source"": ""FICCHEADS-1180"", ""department"": ""香港金控FICC"", ""domestic_overseas"": ""境外"", ""category_l1"": ""外汇"", ""category_l2"": ""外汇期货"", ""category_l3"": ""交易链路"", ""center"": ""做市业务中心"", ""team"": ""外汇做市台"", ""biz_pm"": ""赵鸿达"", ""estimated_iteration"": ""0307迭代"", ""techLead"": ""98cb9446-ac30-4857-9c77-644999e62d52"", ""admission"": ""true"", ""in_delivery"": ""true""}",大象-常规-26-0131,
TARF平台建设,<p></p>,5e8c9352-8553-4e87-97dc-88594010f83a,4657dc96-1572-41e3-becd-0ba3d4ff8e22,none,"[""daa28f62-9d59-4c8a-9c93-28d931e72b99""]","{""req_source"": ""FICCHEADS-1167"", ""department"": ""香港金控FICC"", ""domestic_overseas"": ""境外"", ""category_l1"": ""场外衍生品"", ""category_l2"": ""TARF"", ""category_l3"": ""交易簿记"", ""center"": ""代客业务中心"", ""team"": ""外汇产品团队"", ""biz_pm"": ""陈思宇"", ""estimated_iteration"": ""待定"", ""techLead"": ""f81bb5d7-a37c-4d34-b1fc-f92d46f5b2a8"", ""admission"": ""true"", ""in_delivery"": ""true""}",大象-常规-26-0131,
金控FICC美国国债交易后业务需求说明书,<p></p>,5e8c9352-8553-4e87-97dc-88594010f83a,4657dc96-1572-41e3-becd-0ba3d4ff8e22,none,"[""86316c00-0847-43a8-8176-834f264e0307""]","{""req_source"": ""FICCHEADS-1173"", ""department"": ""香港金控FICC"", ""domestic_overseas"": ""境外"", ""category_l1"": ""债券"", ""category_l2"": ""美国国债"", ""category_l3"": ""交易簿记"", ""center"": ""科技研发中心"", ""team"": ""大象平台产品团队"", ""biz_pm"": ""赵鸿达"", ""estimated_iteration"": ""0131迭代"", ""techLead"": ""144bf735-9e10-4029-84d0-85e3749bf5d3"", ""admission"": ""true"", ""in_delivery"": ""true""}",大象-常规-26-0131,
港交所国债期货做市需求,<p></p>,5e8c9352-8553-4e87-97dc-88594010f83a,4657dc96-1572-41e3-becd-0ba3d4ff8e22,none,[],"{""req_source"": ""FICCHEADS-1089"", ""department"": ""香港金控FICC"", ""domestic_overseas"": ""境外"", ""biz_pm"": ""武晨宇"", ""admission"": ""true"", ""in_delivery"": ""true""}",大象-常规-26-0131,
iDeal农信平台做市服务需求,<p></p>,5e8c9352-8553-4e87-97dc-88594010f83a,4657dc96-1572-41e3-becd-0ba3d4ff8e22,none,"[""1f032804-4e24-4b85-a5d3-e57bb39f84b4""]","{""req_source"": ""FICCHEADS-1067"", ""department"": ""固定收益部"", ""domestic_overseas"": ""境内"", ""category_l1"": ""债券"", ""category_l2"": ""银行间债券"", ""category_l3"": ""做市报价及询价回复"", ""center"": ""做市业务中心"", ""team"": ""本币做市台"", ""biz_pm"": ""韩玲"", ""estimated_iteration"": ""0131迭代"", ""techLead"": ""0d5d1a69-68ee-4885-9bb7-bf93e92eb4aa"", ""admission"": ""true"", ""in_delivery"": ""true""}",大象-常规-26-0131,
支持债券ETF数据接入,<p></p>,5e8c9352-8553-4e87-97dc-88594010f83a,4657dc96-1572-41e3-becd-0ba3d4ff8e22,none,"[""535b3838-1804-4a1f-8353-5320babd97b8""]","{""req_source"": ""FICCHEADS-1121"", ""department"": ""固定收益部"", ""domestic_overseas"": ""境内"", ""category_l1"": ""基金"", ""category_l2"": ""债券ETF"", ""category_l3"": ""数据接入"", ""center"": ""做市业务中心"", ""team"": ""本币做市台"", ""biz_pm"": ""武晨宇"", ""estimated_iteration"": ""0131迭代"", ""techLead"": ""0d5d1a69-68ee-4885-9bb7-bf93e92eb4aa"", ""admission"": ""true"", ""in_delivery"": ""true""}",大象-常规-26-0131,
境外债自营风控优化需求,<p></p>,5e8c9352-8553-4e87-97dc-88594010f83a,4657dc96-1572-41e3-becd-0ba3d4ff8e22,none,"[""daa28f62-9d59-4c8a-9c93-28d931e72b99""]","{""req_source"": ""FICCHEADS-1097"", ""department"": ""固定收益部"", ""domestic_overseas"": ""境内"", ""category_l1"": ""债券"", ""category_l2"": ""南向通债券"", ""category_l3"": ""交易风控"", ""center"": ""风险合规中心"", ""team"": ""风险管理团队"", ""biz_pm"": ""赵鸿达"", ""estimated_iteration"": ""0307迭代"", ""techLead"": ""74c21a3b-1b9b-47f2-b7ab-b8195738260d"", ""admission"": ""true"", ""in_delivery"": ""true""}",大象-常规-26-0131,
协议报备页面展示 待开发,<p></p>,5e8c9352-8553-4e87-97dc-88594010f83a,4657dc96-1572-41e3-becd-0ba3d4ff8e22,none,"[""1f032804-4e24-4b85-a5d3-e57bb39f84b4""]","{""req_source"": ""FICCHEADS-1145"", ""department"": ""固定收益部"", ""domestic_overseas"": ""境内"", ""category_l1"": ""综合"", ""category_l2"": ""销售业务"", ""category_l3"": ""销售管理"", ""center"": ""销售业务中心"", ""team"": ""代客销售团队"", ""biz_pm"": ""陈思宇"", ""estimated_iteration"": ""0131迭代"", ""techLead"": ""144bf735-9e10-4029-84d0-85e3749bf5d3"", ""admission"": ""true"", ""in_delivery"": ""true""}",大象-常规-26-0131,
增加财富管理部私行中心客户准入流程,<p></p>,5e8c9352-8553-4e87-97dc-88594010f83a,4657dc96-1572-41e3-becd-0ba3d4ff8e22,none,"[""1f032804-4e24-4b85-a5d3-e57bb39f84b4""]","{""req_source"": ""FICCHEADS-1082"", ""department"": ""固定收益部"", ""domestic_overseas"": ""境内"", ""category_l1"": ""综合"", ""category_l2"": ""销售业务"", ""category_l3"": ""数据报送"", ""center"": ""销售业务中心"", ""team"": ""代客销售团队"", ""biz_pm"": ""吴凡"", ""estimated_iteration"": ""0307迭代"", ""techLead"": ""144bf735-9e10-4029-84d0-85e3749bf5d3"", ""admission"": ""true"", ""in_delivery"": ""true""}",大象-常规-26-0131,
其他债权投资和持有至到期损益计算逻辑优化,<p></p>,5e8c9352-8553-4e87-97dc-88594010f83a,4657dc96-1572-41e3-becd-0ba3d4ff8e22,none,"[""daa28f62-9d59-4c8a-9c93-28d931e72b99""]","{""req_source"": ""FICCHEADS-1136"", ""department"": ""固定收益部"", ""domestic_overseas"": ""境内"", ""category_l1"": ""综合"", ""category_l2"": ""风险管理"", ""category_l3"": ""业务报表"", ""center"": ""风险合规中心"", ""team"": ""风险管理团队"", ""biz_pm"": ""赵鸿达"", ""estimated_iteration"": ""0307迭代"", ""techLead"": ""74c21a3b-1b9b-47f2-b7ab-b8195738260d"", ""admission"": ""true"", ""in_delivery"": ""true""}",大象-常规-26-0131,
银行间债券借贷自动化,<p></p>,5e8c9352-8553-4e87-97dc-88594010f83a,4657dc96-1572-41e3-becd-0ba3d4ff8e22,none,"[""6fe8459b-3b6b-4197-a29a-f95f2a7e20cc""]","{""req_source"": ""FICCREQ-431"", ""department"": ""中央交易室"", ""domestic_overseas"": ""境内"", ""category_l1"": ""债券"", ""category_l2"": ""银行间债券"", ""category_l3"": ""交易风控"", ""estimated_iteration"": ""待定"", ""techLead"": ""0d5d1a69-68ee-4885-9bb7-bf93e92eb4aa"", ""admission"": ""true"", ""in_delivery"": ""true""}",大象-常规-26-0131,
金交所撤单风控需求,<p></p>,5e8c9352-8553-4e87-97dc-88594010f83a,4657dc96-1572-41e3-becd-0ba3d4ff8e22,none,"[""86316c00-0847-43a8-8176-834f264e0307""]","{""req_source"": ""FICCREQ-432"", ""department"": ""中央交易室"", ""domestic_overseas"": ""境内"", ""category_l1"": ""贵金属"", ""category_l2"": ""贵金属"", ""category_l3"": ""交易风控"", ""estimated_iteration"": ""0131迭代"", ""techLead"": ""0d5d1a69-68ee-4885-9bb7-bf93e92eb4aa"", ""admission"": ""true"", ""in_delivery"": ""true""}",大象-常规-26-0131,
x-repo功能权限开放,<p></p>,5e8c9352-8553-4e87-97dc-88594010f83a,4657dc96-1572-41e3-becd-0ba3d4ff8e22,none,"[""6fe8459b-3b6b-4197-a29a-f95f2a7e20cc""]","{""req_source"": ""FICCREQ-433"", ""department"": ""资金运营部"", ""domestic_overseas"": ""境内"", ""category_l1"": ""债券"", ""category_l2"": ""银行间债券"", ""category_l3"": ""交易风控"", ""estimated_iteration"": ""待定"", ""techLead"": ""0d5d1a69-68ee-4885-9bb7-bf93e92eb4aa"", ""admission"": ""true"", ""in_delivery"": ""true""}",大象-常规-26-0131,
信用拆借、回购审批模板迁移至BPM,<p></p>,5e8c9352-8553-4e87-97dc-88594010f83a,4657dc96-1572-41e3-becd-0ba3d4ff8e22,none,"[""6fe8459b-3b6b-4197-a29a-f95f2a7e20cc""]","{""req_source"": ""FICCREQ-434"", ""department"": ""资金运营部"", ""domestic_overseas"": ""境内"", ""category_l1"": ""综合"", ""category_l2"": ""银行间债券/z资金"", ""category_l3"": ""交易风控"", ""estimated_iteration"": ""待定"", ""techLead"": ""0d5d1a69-68ee-4885-9bb7-bf93e92eb4aa"", ""admission"": ""true"", ""in_delivery"": ""true""}",大象-常规-26-0131,
交易对手三级授信风控,<p></p>,5e8c9352-8553-4e87-97dc-88594010f83a,4657dc96-1572-41e3-becd-0ba3d4ff8e22,none,"[""6fe8459b-3b6b-4197-a29a-f95f2a7e20cc""]","{""req_source"": ""FICCREQ-402"", ""department"": ""资金运营部"", ""domestic_overseas"": ""境内"", ""category_l1"": ""综合"", ""category_l2"": ""银行间债券"", ""category_l3"": ""交易风控"", ""estimated_iteration"": ""待定"", ""techLead"": ""0d5d1a69-68ee-4885-9bb7-bf93e92eb4aa"", ""admission"": ""true"", ""in_delivery"": ""true""}",大象-常规-26-0131,
备选流程迁移,<p></p>,5e8c9352-8553-4e87-97dc-88594010f83a,4657dc96-1572-41e3-becd-0ba3d4ff8e22,none,"[""15e4d327-6119-4941-85ac-624f7b021630""]","{""req_source"": ""FICC-89074"", ""department"": ""信息技术部"", ""domestic_overseas"": ""境内"", ""team"": ""风险管理团队"", ""estimated_iteration"": ""0131迭代"", ""techLead"": ""6c2cb768-b63a-45b0-859e-859ab2345c4e""}",大象-常规-26-0131,
大象中英文语言体系支持-0131,<p></p>,5e8c9352-8553-4e87-97dc-88594010f83a,4657dc96-1572-41e3-becd-0ba3d4ff8e22,none,"[""6fe8459b-3b6b-4197-a29a-f95f2a7e20cc""]","{""department"": ""信息技术部"", ""estimated_iteration"": ""0131迭代"", ""techLead"": ""ee12bda6-18fc-4ad5-a35e-74c256781157""}",大象-常规-26-0131,
LAMP持续优化,<p></p>,5e8c9352-8553-4e87-97dc-88594010f83a,4657dc96-1572-41e3-becd-0ba3d4ff8e22,none,"[""daa28f62-9d59-4c8a-9c93-28d931e72b99""]","{""department"": ""信息技术部"", ""estimated_iteration"": ""0131迭代"", ""techLead"": ""74c21a3b-1b9b-47f2-b7ab-b8195738260d""}",大象-常规-26-0131,
AURORA平台优化及HAB整合,<p></p>,5e8c9352-8553-4e87-97dc-88594010f83a,4657dc96-1572-41e3-becd-0ba3d4ff8e22,none,"[""5ac3485a-8d93-454c-bd0d-0c048df1ba42""]","{""department"": ""信息技术部"", ""estimated_iteration"": ""0131迭代"", ""techLead"": ""77342d2f-a6cf-4a2d-8142-2f5f84d0636a""}",大象-常规-26-0131,
对接销售支持批量修改,<p></p>,5e8c9352-8553-4e87-97dc-88594010f83a,4657dc96-1572-41e3-becd-0ba3d4ff8e22,none,"[""1f032804-4e24-4b85-a5d3-e57bb39f84b4""]","{""req_source"": ""FICC-88850"", ""department"": ""信息技术部"", ""domestic_overseas"": ""境内"", ""estimated_iteration"": ""0131迭代"", ""techLead"": ""144bf735-9e10-4029-84d0-85e3749bf5d3""}",大象-常规-26-0131,
iDeal客户画像持续开发,<p></p>,5e8c9352-8553-4e87-97dc-88594010f83a,4657dc96-1572-41e3-becd-0ba3d4ff8e22,none,"[""1f032804-4e24-4b85-a5d3-e57bb39f84b4""]","{""req_source"": ""FICC-90232"", ""department"": ""信息技术部"", ""domestic_overseas"": ""境内"", ""estimated_iteration"": ""0131迭代"", ""techLead"": ""3a43fac4-6a60-42e4-a1b8-3f434ce9cf87""}",大象-常规-26-0131,
"展业报错优化：
1.展业平台的报错增加HEADS标识
2.流程标题过长无法发起审批流程，需要前后端限制相同的长度",<p></p>,5e8c9352-8553-4e87-97dc-88594010f83a,4657dc96-1572-41e3-becd-0ba3d4ff8e22,none,"[""1f032804-4e24-4b85-a5d3-e57bb39f84b4""]","{""req_source"": ""FICC-89947"", ""department"": ""信息技术部"", ""domestic_overseas"": ""境内"", ""estimated_iteration"": ""0131迭代"", ""techLead"": ""144bf735-9e10-4029-84d0-85e3749bf5d3""}",大象-常规-26-0131,
"AI-framework 1.1.0 功能开发,主要在可观测性、文件上传解析等对齐泰为平台",<p></p>,5e8c9352-8553-4e87-97dc-88594010f83a,4657dc96-1572-41e3-becd-0ba3d4ff8e22,none,"[""b5cf400d-4a1a-4daf-8ad7-dc33d720391c""]","{""req_source"": ""FICC-89815"", ""department"": ""信息技术部"", ""domestic_overseas"": ""境内"", ""team"": ""平台架构团队"", ""estimated_iteration"": ""0131迭代"", ""techLead"": ""83886f15-62af-4860-b67e-ddc8f74b645d""}",大象-常规-26-0131,
应对香港机房本地化部署的平台架构POC，主要是nats-super-gateway，服务治理引入新维度等,<p></p>,5e8c9352-8553-4e87-97dc-88594010f83a,4657dc96-1572-41e3-becd-0ba3d4ff8e22,none,"[""b5cf400d-4a1a-4daf-8ad7-dc33d720391c""]","{""req_source"": ""FICC-89815"", ""department"": ""信息技术部"", ""domestic_overseas"": ""境外"", ""team"": ""平台架构团队"", ""estimated_iteration"": ""待定"", ""techLead"": ""2bbec74b-683c-404b-9b10-af8fac6d5083""}",大象-常规-26-0131,
材料准入审核的权限控制、审核规则优化等,<p></p>,5e8c9352-8553-4e87-97dc-88594010f83a,4657dc96-1572-41e3-becd-0ba3d4ff8e22,none,"[""b5cf400d-4a1a-4daf-8ad7-dc33d720391c""]","{""req_source"": ""FICC-89815"", ""department"": ""信息技术部"", ""domestic_overseas"": ""境内"", ""team"": ""平台架构团队"", ""estimated_iteration"": ""0131迭代"", ""techLead"": ""5ea6d7aa-57e3-4fc8-b536-a9fc3ba47ece""}",大象-常规-26-0131,
资产门户功能建设与优化,<p></p>,5e8c9352-8553-4e87-97dc-88594010f83a,4657dc96-1572-41e3-becd-0ba3d4ff8e22,none,"[""b5cf400d-4a1a-4daf-8ad7-dc33d720391c""]","{""req_source"": ""FICC-89254"", ""department"": ""信息技术部"", ""domestic_overseas"": ""境内"", ""team"": ""平台架构团队"", ""estimated_iteration"": ""0131迭代"", ""techLead"": ""e81b9f1b-4561-4eee-9b5a-20dcd9755b8f""}",大象-常规-26-0131,
CHAT BI方案选型调研,<p></p>,5e8c9352-8553-4e87-97dc-88594010f83a,4657dc96-1572-41e3-becd-0ba3d4ff8e22,none,"[""b5cf400d-4a1a-4daf-8ad7-dc33d720391c""]","{""req_source"": ""FICC-89254"", ""department"": ""信息技术部"", ""domestic_overseas"": ""境内"", ""team"": ""平台架构团队"", ""estimated_iteration"": ""0131迭代"", ""techLead"": ""f571c740-8443-46cc-9ab0-a38c095b93ad""}",大象-常规-26-0131,
数仓任务治理,<p></p>,5e8c9352-8553-4e87-97dc-88594010f83a,4657dc96-1572-41e3-becd-0ba3d4ff8e22,none,"[""b5cf400d-4a1a-4daf-8ad7-dc33d720391c""]","{""req_source"": ""FICC-89254"", ""department"": ""信息技术部"", ""domestic_overseas"": ""境内"", ""team"": ""平台架构团队"", ""estimated_iteration"": ""0131迭代"", ""techLead"": ""b9307fcf-2e0c-4081-b526-b84f755f6a37""}",大象-常规-26-0131,
场外平台入池流程审批人取值优化,<p></p>,5e8c9352-8553-4e87-97dc-88594010f83a,4657dc96-1572-41e3-becd-0ba3d4ff8e22,none,"[""86316c00-0847-43a8-8176-834f264e0307""]","{""req_source"": ""FICC-82926"", ""department"": ""信息技术部"", ""domestic_overseas"": ""境内"", ""estimated_iteration"": ""0131迭代"", ""techLead"": ""f3c11761-c49a-4e0c-befc-d08c882ad1d3""}",大象-常规-26-0131,
RDS文件加载,<p></p>,5e8c9352-8553-4e87-97dc-88594010f83a,4657dc96-1572-41e3-becd-0ba3d4ff8e22,none,[],"{""req_source"": ""FICC-90112"", ""department"": ""信息技术部"", ""domestic_overseas"": ""境内/境外"", ""team"": ""客户端团队"", ""estimated_iteration"": ""0328迭代"", ""techLead"": ""f571c740-8443-46cc-9ab0-a38c095b93ad""}",大象-常规-26-0131,
评估和实施迁移一个集群的定时任务到新的“定时策略”体系下,<p></p>,5e8c9352-8553-4e87-97dc-88594010f83a,4657dc96-1572-41e3-becd-0ba3d4ff8e22,none,"[""535b3838-1804-4a1f-8353-5320babd97b8""]","{""req_source"": ""FICC-90370"", ""department"": ""信息技术部"", ""domestic_overseas"": ""境内"", ""team"": ""策略平台团队"", ""estimated_iteration"": ""0131迭代"", ""techLead"": ""c2929876-1c9a-4ce1-9258-cf3e287df9c6""}",大象-常规-26-0131,
场外库存券同步数智中台新增批次,<p></p>,5e8c9352-8553-4e87-97dc-88594010f83a,4657dc96-1572-41e3-becd-0ba3d4ff8e22,none,"[""535b3838-1804-4a1f-8353-5320babd97b8""]","{""department"": ""信息技术部"", ""domestic_overseas"": ""境内"", ""team"": ""交易团队"", ""estimated_iteration"": ""0131迭代"", ""techLead"": ""e202ab34-a1ae-43f4-a954-6acb32f61375""}",大象-常规-26-0131,
港交所外汇期货做市交易系统建设需求说明书,<p></p>,5e8c9352-8553-4e87-97dc-88594010f83a,4657dc96-1572-41e3-becd-0ba3d4ff8e22,none,"[""943c1313-5035-46a0-b1e2-91e3a19546a6""]","{""req_source"": ""FICCHEADS-1180"", ""department"": ""香港金控FICC"", ""domestic_overseas"": ""境外"", ""category_l1"": ""外汇"", ""category_l2"": ""外汇期货"", ""category_l3"": ""交易链路"", ""center"": ""做市业务中心"", ""team"": ""外汇做市台"", ""biz_pm"": ""赵鸿达"", ""biz_priority"": ""在研-优先级0"", ""estimated_iteration"": ""预计2个迭代完成交付"", ""techLead"": ""98cb9446-ac30-4857-9c77-644999e62d52"", ""admission"": ""true"", ""in_delivery"": ""true""}",大象-常规-26-0307,
TARF平台建设,<p></p>,5e8c9352-8553-4e87-97dc-88594010f83a,4657dc96-1572-41e3-becd-0ba3d4ff8e22,none,"[""daa28f62-9d59-4c8a-9c93-28d931e72b99""]","{""req_source"": ""FICCHEADS-1167"", ""department"": ""香港金控FICC"", ""domestic_overseas"": ""境外"", ""category_l1"": ""场外衍生品"", ""category_l2"": ""TARF"", ""category_l3"": ""交易簿记"", ""center"": ""代客业务中心"", ""team"": ""外汇产品团队"", ""biz_pm"": ""陈思宇"", ""biz_priority"": ""在研-优先级0"", ""estimated_iteration"": ""预计3个以上迭代完成交付"", ""techLead"": ""f81bb5d7-a37c-4d34-b1fc-f92d46f5b2a8"", ""admission"": ""true"", ""in_delivery"": ""true""}",大象-常规-26-0307,
港交所国债期货做市需求,<p></p>,5e8c9352-8553-4e87-97dc-88594010f83a,4657dc96-1572-41e3-becd-0ba3d4ff8e22,none,"[""943c1313-5035-46a0-b1e2-91e3a19546a6""]","{""req_source"": ""FICCHEADS-1089"", ""department"": ""香港金控FICC"", ""domestic_overseas"": ""境外"", ""center"": ""做市业务中心"", ""biz_pm"": ""武晨宇"", ""biz_priority"": ""在研-优先级0"", ""estimated_iteration"": ""本迭代无法启动后续重新排期"", ""techLead"": ""77342d2f-a6cf-4a2d-8142-2f5f84d0636a"", ""admission"": ""true"", ""in_delivery"": ""false""}",大象-常规-26-0307,
境外债自营风控优化需求,<p></p>,5e8c9352-8553-4e87-97dc-88594010f83a,4657dc96-1572-41e3-becd-0ba3d4ff8e22,none,"[""14b265fe-200d-46aa-8e25-66f57a1e130d""]","{""req_source"": ""FICCHEADS-1097"", ""department"": ""固定收益部"", ""domestic_overseas"": ""境内"", ""category_l1"": ""债券"", ""category_l2"": ""南向通债券"", ""category_l3"": ""交易风控"", ""center"": ""风险合规中心"", ""team"": ""风险管理团队"", ""biz_pm"": ""赵鸿达"", ""biz_priority"": ""在研-优先级0"", ""estimated_iteration"": ""预计2个迭代完成交付"", ""techLead"": ""0d5d1a69-68ee-4885-9bb7-bf93e92eb4aa"", ""admission"": ""true"", ""in_delivery"": ""true""}",大象-常规-26-0307,
增加财富管理部私行中心客户准入流程,<p></p>,5e8c9352-8553-4e87-97dc-88594010f83a,4657dc96-1572-41e3-becd-0ba3d4ff8e22,none,"[""1f032804-4e24-4b85-a5d3-e57bb39f84b4""]","{""req_source"": ""FICCHEADS-1082"", ""department"": ""固定收益部"", ""domestic_overseas"": ""境内"", ""category_l1"": ""综合"", ""category_l2"": ""销售业务"", ""category_l3"": ""数据报送"", ""center"": ""销售业务中心"", ""team"": ""代客销售团队"", ""biz_pm"": ""吴凡"", ""biz_priority"": ""在研-优先级0"", ""estimated_iteration"": ""预计2个迭代完成交付"", ""techLead"": ""144bf735-9e10-4029-84d0-85e3749bf5d3"", ""admission"": ""true"", ""in_delivery"": ""true""}",大象-常规-26-0307,
其他债权投资和持有至到期损益计算逻辑优化,<p></p>,5e8c9352-8553-4e87-97dc-88594010f83a,4657dc96-1572-41e3-becd-0ba3d4ff8e22,none,"[""daa28f62-9d59-4c8a-9c93-28d931e72b99""]","{""req_source"": ""FICCHEADS-1136"", ""department"": ""固定收益部"", ""domestic_overseas"": ""境内"", ""category_l1"": ""综合"", ""category_l2"": ""风险管理"", ""category_l3"": ""业务报表"", ""center"": ""风险合规中心"", ""team"": ""风险管理团队"", ""biz_pm"": ""赵鸿达"", ""biz_priority"": ""在研-优先级0"", ""estimated_iteration"": ""预计当前迭代完成交付"", ""techLead"": ""74c21a3b-1b9b-47f2-b7ab-b8195738260d"", ""admission"": ""true"", ""in_delivery"": ""true""}",大象-常规-26-0307,
场外衍生品平台客户白名单新增产品规模校验提醒及CUBE平台同步需求,<p>从销售平台同步的客户白名单中的产品客户，同步客户的产品规模信息，实时展示并提示风险。对于白名单客户信息，支持销售平台同步至CUBE平台。</p>,5e8c9352-8553-4e87-97dc-88594010f83a,4657dc96-1572-41e3-becd-0ba3d4ff8e22,none,"[""1f032804-4e24-4b85-a5d3-e57bb39f84b4""]","{""req_source"": ""FICCHEADS-1000"", ""department"": ""固定收益部"", ""domestic_overseas"": ""境内"", ""category_l1"": ""综合"", ""category_l2"": ""销售业务"", ""category_l3"": ""销售管理"", ""center"": ""销售业务中心"", ""team"": ""代客销售团队"", ""biz_pm"": ""陈思宇"", ""biz_priority"": ""销售业务中心优先级1"", ""estimated_iteration"": ""预计当前迭代完成交付"", ""techLead"": ""144bf735-9e10-4029-84d0-85e3749bf5d3"", ""admission"": ""true"", ""in_delivery"": ""true""}",大象-常规-26-0307,
OCI账户持仓减值计算方案调整需求说明书,<p>对以摊余成本计量的债券、以公允价值计量且其变动计入其他综合收益的债券的减值计算方法进行调整。</p>,5e8c9352-8553-4e87-97dc-88594010f83a,4657dc96-1572-41e3-becd-0ba3d4ff8e22,none,"[""86316c00-0847-43a8-8176-834f264e0307""]","{""req_source"": ""FICCHEADS-1110"", ""department"": ""固定收益部"", ""domestic_overseas"": ""境内"", ""category_l1"": ""综合"", ""category_l2"": ""风险管理"", ""category_l3"": ""账户管理"", ""center"": ""自营业务中心"", ""team"": ""自营交易五台"", ""biz_pm"": ""赵鸿达"", ""biz_priority"": ""自营业务中心优先级1"", ""estimated_iteration"": ""本迭代无法启动后续重新排期"", ""techLead"": ""74c21a3b-1b9b-47f2-b7ab-b8195738260d"", ""admission"": ""true"", ""in_delivery"": ""false""}",大象-常规-26-0307,
金控FICC美国国债自动化交易链路业务需求二期（XOR：大象报到彭博后无需交易员确认直接对外报单）,<p>实现自营中心美国国债交易链路建设，通过彭博XOR模块，实现大象报到彭博后无需交易员确认直接对外报单。</p>,5e8c9352-8553-4e87-97dc-88594010f83a,4657dc96-1572-41e3-becd-0ba3d4ff8e22,none,"[""8baed4ad-64c0-4922-b4bb-e9d77a865fd7""]","{""req_source"": ""FICCHEADS-1168"", ""department"": ""香港金控FICC"", ""domestic_overseas"": ""境外"", ""category_l1"": ""债券"", ""category_l2"": ""美国国债"", ""category_l3"": ""交易链路"", ""center"": ""自营业务中心"", ""team"": ""中央交易台/香港交易一台"", ""biz_pm"": ""沙学府"", ""biz_priority"": ""自营业务中心优先级2"", ""estimated_iteration"": ""预计当前迭代完成交付"", ""techLead"": ""0d5d1a69-68ee-4885-9bb7-bf93e92eb4aa"", ""admission"": ""true"", ""in_delivery"": ""true""}",大象-常规-26-0307,
股指期货预埋触发单功能（重提）,<p>大象支持时间条件、价格条件等智能条件算法</p>,5e8c9352-8553-4e87-97dc-88594010f83a,4657dc96-1572-41e3-becd-0ba3d4ff8e22,none,"[""535b3838-1804-4a1f-8353-5320babd97b8""]","{""req_source"": ""FICCHEADS-1175"", ""department"": ""固定收益部"", ""domestic_overseas"": ""境内"", ""category_l1"": ""期货"", ""category_l2"": ""股指期货"", ""category_l3"": ""交易链路"", ""center"": ""自营业务中心"", ""team"": ""自营交易七台"", ""biz_pm"": ""武晨宇"", ""biz_priority"": ""自营业务中心优先级3"", ""estimated_iteration"": ""本迭代无法启动后续重新排期"", ""techLead"": ""77342d2f-a6cf-4a2d-8142-2f5f84d0636a"", ""admission"": ""true"", ""in_delivery"": ""false""}",大象-常规-26-0307,
数据需求-同步trace数据到研发网,<p>本需求为纯数据类需求。因境外投研需求，需要使用trace数据进行境外债成交分析，因此需同步trace数据到研发网，该分析会在研发网环境进行。</p>,5e8c9352-8553-4e87-97dc-88594010f83a,4657dc96-1572-41e3-becd-0ba3d4ff8e22,none,"[""535b3838-1804-4a1f-8353-5320babd97b8""]","{""req_source"": ""FICCHEADS-1171"", ""department"": ""香港金控FICC"", ""domestic_overseas"": ""境外"", ""category_l1"": ""债券"", ""category_l2"": ""境外信用债债"", ""category_l3"": ""数据接入"", ""center"": ""自营业务中心"", ""team"": ""自营交易四台"", ""biz_pm"": ""王逸"", ""biz_priority"": ""自营业务中心优先级4"", ""estimated_iteration"": ""预计当前迭代完成交付"", ""techLead"": ""77342d2f-a6cf-4a2d-8142-2f5f84d0636a"", ""admission"": ""true"", ""in_delivery"": ""true""}",大象-常规-26-0307,
港交所外汇期货实时行情落库与订阅需求,<p>大象接入港交所外汇期货实时行情并落库，支持策略查询</p>,5e8c9352-8553-4e87-97dc-88594010f83a,4657dc96-1572-41e3-becd-0ba3d4ff8e22,none,"[""535b3838-1804-4a1f-8353-5320babd97b8""]","{""req_source"": ""FICCHEADS-1147"", ""department"": ""香港金控FICC"", ""domestic_overseas"": ""境外"", ""category_l1"": ""外汇"", ""category_l2"": ""外汇期货"", ""category_l3"": ""数据接入"", ""center"": ""做市业务中心"", ""team"": ""外汇做市台"", ""biz_pm"": ""武晨宇"", ""biz_priority"": ""做市业务中心优先级1"", ""estimated_iteration"": ""预计当前迭代完成交付"", ""techLead"": ""98cb9446-ac30-4857-9c77-644999e62d52"", ""admission"": ""true"", ""in_delivery"": ""true""}",大象-常规-26-0307,
iDeal机器人自动下单功能(新增支持平安利顺）,<p>实现直连货币中介iDeal机器人的债券自动下单成交。</p><p>此需求为新增对接直连货币中介平安理顺的机器人。</p>,5e8c9352-8553-4e87-97dc-88594010f83a,4657dc96-1572-41e3-becd-0ba3d4ff8e22,none,"[""1f032804-4e24-4b85-a5d3-e57bb39f84b4""]","{""req_source"": ""FICCHEADS-1099"", ""department"": ""固定收益部"", ""domestic_overseas"": ""境内"", ""category_l1"": ""债券"", ""category_l2"": ""银行间债券"", ""category_l3"": ""直连经纪商债券交易"", ""center"": ""做市业务中心"", ""team"": ""本币做市台"", ""biz_pm"": ""韩玲"", ""biz_priority"": ""做市业务中心优先级2"", ""estimated_iteration"": ""预计2个迭代完成交付"", ""techLead"": ""0d5d1a69-68ee-4885-9bb7-bf93e92eb4aa"", ""admission"": ""true"", ""in_delivery"": ""true""}",大象-常规-26-0307,
债券ETF业务系统需求说明书（二期）：二级交易,<p>实现债券ETF交易链路建设中二级交易功能。</p>,5e8c9352-8553-4e87-97dc-88594010f83a,4657dc96-1572-41e3-becd-0ba3d4ff8e22,none,"[""86316c00-0847-43a8-8176-834f264e0307""]","{""req_source"": ""FICCHEADS-1140"", ""department"": ""固定收益部"", ""domestic_overseas"": ""境内"", ""category_l1"": ""基金"", ""category_l2"": ""债券ETF"", ""category_l3"": ""债券ETF交易"", ""center"": ""做市业务中心"", ""team"": ""本币做市台"", ""biz_pm"": ""韩玲"", ""biz_priority"": ""做市业务中心优先级3"", ""estimated_iteration"": ""本迭代无法启动后续重新排期"", ""techLead"": ""0d5d1a69-68ee-4885-9bb7-bf93e92eb4aa"", ""admission"": ""true"", ""in_delivery"": ""false""}",大象-常规-26-0307,
【外部采购】衡泰系统-债券远期业务管理模块,<p>该需求为采购外部系统的需求，需要技术部承接采购，但不占或占用很少研发资源</p>,5e8c9352-8553-4e87-97dc-88594010f83a,4657dc96-1572-41e3-becd-0ba3d4ff8e22,none,"[""6fe8459b-3b6b-4197-a29a-f95f2a7e20cc""]","{""req_source"": ""FICCHEADS-1159"", ""department"": ""固定收益部"", ""domestic_overseas"": ""境内"", ""category_l1"": ""债券"", ""category_l2"": ""债券远期"", ""category_l3"": ""交易簿记"", ""center"": ""流动性管理中心"", ""team"": ""-"", ""biz_pm"": ""韩玲"", ""biz_priority"": ""流动性管理中心优先级1"", ""admission"": ""true"", ""in_delivery"": ""true""}",大象-常规-26-0307,
票据业务持仓占用规则调整,<p>将票据业务持仓额度占用纳入固收常规限额体系内。</p>,5e8c9352-8553-4e87-97dc-88594010f83a,4657dc96-1572-41e3-becd-0ba3d4ff8e22,none,"[""6fe8459b-3b6b-4197-a29a-f95f2a7e20cc""]","{""req_source"": ""FICCHEADS-955"", ""department"": ""固定收益部"", ""domestic_overseas"": ""境内"", ""category_l1"": ""票据"", ""category_l2"": ""股指期货"", ""category_l3"": ""自营交易"", ""center"": ""流动性管理中心"", ""team"": ""-"", ""biz_pm"": ""韩玲"", ""biz_priority"": ""流动性管理中心优先级2"", ""estimated_iteration"": ""本迭代无法启动后续重新排期"", ""techLead"": ""0d5d1a69-68ee-4885-9bb7-bf93e92eb4aa"", ""admission"": ""true"", ""in_delivery"": ""false""}",大象-常规-26-0307,
资金流管理模块-每日银行间资金头寸自动计算功能需求,<p>监控银行间因债券交易、回购交易、资金调拨等带来的资金头寸变化：</p><p>1）交易口径</p><p>2）结算口径</p>,5e8c9352-8553-4e87-97dc-88594010f83a,4657dc96-1572-41e3-becd-0ba3d4ff8e22,none,"[""6fe8459b-3b6b-4197-a29a-f95f2a7e20cc""]","{""req_source"": ""FICCHEADS-631"", ""department"": ""固定收益部"", ""domestic_overseas"": ""境内"", ""category_l1"": ""综合"", ""category_l2"": ""流动性管理"", ""category_l3"": ""资金管理"", ""center"": ""流动性管理中心"", ""team"": ""-"", ""biz_pm"": ""韩玲"", ""biz_priority"": ""流动性管理中心优先级3"", ""estimated_iteration"": ""本迭代无法启动后续重新排期"", ""techLead"": ""0d5d1a69-68ee-4885-9bb7-bf93e92eb4aa"", ""admission"": ""true"", ""in_delivery"": ""false""}",大象-常规-26-0307,
大象平台自动化选券功能需求,<p>1）资金交易员导入交易要素后，由中央券池按一定算法规则进行回购交易和质押券的最优匹配。</p><p>2）支持用户对中央券池的匹配结果进行自定义优化，经系统校验完毕后即可经交易中心上行接口发单。</p>,5e8c9352-8553-4e87-97dc-88594010f83a,4657dc96-1572-41e3-becd-0ba3d4ff8e22,none,"[""6fe8459b-3b6b-4197-a29a-f95f2a7e20cc""]","{""req_source"": ""FICCHEADS-458"", ""department"": ""固定收益部"", ""domestic_overseas"": ""境内"", ""category_l1"": ""回购"", ""category_l2"": ""银行间正回购"", ""category_l3"": ""内部交易"", ""center"": ""流动性管理中心"", ""team"": ""-"", ""biz_pm"": ""韩玲"", ""biz_priority"": ""流动性管理中心优先级4"", ""estimated_iteration"": ""本迭代无法启动后续重新排期"", ""techLead"": ""0d5d1a69-68ee-4885-9bb7-bf93e92eb4aa"", ""admission"": ""true"", ""in_delivery"": ""false""}",大象-常规-26-0307,
统一授信报表逻辑优化需求,<p>根据监管要求，对场外期权的统一授信报表进行指标计算逻辑和客户信息匹配优化</p>,5e8c9352-8553-4e87-97dc-88594010f83a,4657dc96-1572-41e3-becd-0ba3d4ff8e22,none,"[""9a969130-2666-4604-9326-c2b17ca09ef1""]","{""req_source"": ""FICCHEADS-1148"", ""department"": ""固定收益部"", ""domestic_overseas"": ""境内"", ""category_l1"": ""场外衍生品"", ""category_l2"": ""场外收益互换"", ""category_l3"": ""场外"", ""center"": ""代客业务中心"", ""biz_pm"": ""褚悦珊"", ""biz_priority"": ""代客业务中心优先级1"", ""estimated_iteration"": ""预计当前迭代完成交付"", ""techLead"": ""144bf735-9e10-4029-84d0-85e3749bf5d3"", ""admission"": ""true"", ""in_delivery"": ""true""}",大象-常规-26-0307,
境外债TRS付息/资金流水自动生成,<p>支持境外债TRS（包括中资美元债、点心债等）自动生成债券付息资金流水与交易流水，具体包括：</p><p>1）合约簿记增加派息规则等字段</p><p>2）自动生成付息要素</p><p>3）生成付息交易流水</p><p>4）生成资金流水</p>,5e8c9352-8553-4e87-97dc-88594010f83a,4657dc96-1572-41e3-becd-0ba3d4ff8e22,none,"[""9a969130-2666-4604-9326-c2b17ca09ef1""]","{""req_source"": ""FICCHEADS-1124"", ""department"": ""固定收益部"", ""domestic_overseas"": ""境内"", ""category_l1"": ""互换"", ""category_l2"": ""场外收益互换"", ""category_l3"": ""场外"", ""center"": ""代客业务中心"", ""biz_pm"": ""褚悦珊"", ""biz_priority"": ""代客业务中心优先级2"", ""estimated_iteration"": ""预计3个迭代完成交付"", ""techLead"": ""144bf735-9e10-4029-84d0-85e3749bf5d3"", ""admission"": ""true"", ""in_delivery"": ""true""}",大象-常规-26-0307,
IRS交易支持对接xswap实现线上对冲,<p>目前场外衍生品平台TRS的IRS品种对客交易，客户主要是通过线下与我们达成交易，交易效率低，后续通过大象平台TRS对冲端直连X-Swap平台，客户可以直接线上看到X-Swap价格（加点）进行成交，能大幅提升交易量。目前TRS支持债券通过X-Bond的成交模式。</p>,5e8c9352-8553-4e87-97dc-88594010f83a,4657dc96-1572-41e3-becd-0ba3d4ff8e22,none,"[""9a969130-2666-4604-9326-c2b17ca09ef1""]","{""req_source"": ""FICCHEADS-873"", ""department"": ""固定收益部"", ""domestic_overseas"": ""境内"", ""category_l1"": ""互换"", ""category_l2"": ""场外收益互换"", ""category_l3"": ""场外"", ""center"": ""代客业务中心"", ""biz_pm"": ""褚悦珊"", ""biz_priority"": ""代客业务中心优先级3"", ""estimated_iteration"": ""预计3个迭代完成交付"", ""techLead"": ""144bf735-9e10-4029-84d0-85e3749bf5d3"", ""admission"": ""true"", ""in_delivery"": ""true""}",大象-常规-26-0307,
境外债券支持配置汇率敞口算法,<p>支持境外债券合约的汇率敞口的灵活配置和计算，满足客户对于汇率浮动所导致的本金损益精细化管理的诉求</p>,5e8c9352-8553-4e87-97dc-88594010f83a,4657dc96-1572-41e3-becd-0ba3d4ff8e22,none,"[""9a969130-2666-4604-9326-c2b17ca09ef1""]","{""req_source"": ""FICCHEADS-1127"", ""department"": ""固定收益部"", ""domestic_overseas"": ""境内"", ""category_l1"": ""场外衍生品"", ""category_l2"": ""场外收益互换"", ""category_l3"": ""场外"", ""center"": ""代客业务中心"", ""biz_pm"": ""褚悦珊"", ""biz_priority"": ""代客业务中心优先级4"", ""estimated_iteration"": ""预计3个迭代完成交付"", ""techLead"": ""144bf735-9e10-4029-84d0-85e3749bf5d3"", ""admission"": ""true"", ""in_delivery"": ""true""}",大象-常规-26-0307,
金交所/银行间 即远掉询价交易风控相关需求,<p>为丰富客需衍生品业务对冲渠道的多样性，交易台提出支持黄金即远掉交易需求。相应地，风险管理方面提出配套风险管理以及风险分析需求以支持该业务开展，包括：</p><p>1）相关授权与权限功能；</p><p>2）场外衍生品估值敞口监控界面以及损益监控有关功能开发及改造。</p>,5e8c9352-8553-4e87-97dc-88594010f83a,4657dc96-1572-41e3-becd-0ba3d4ff8e22,none,"[""14b265fe-200d-46aa-8e25-66f57a1e130d""]","{""req_source"": ""FICCHEADS-931"", ""department"": ""固定收益部"", ""domestic_overseas"": ""境内"", ""category_l1"": ""贵金属"", ""category_l2"": ""黄金"", ""category_l3"": ""交易风控"", ""center"": ""风险合规中心"", ""team"": ""风险管理团队"", ""biz_pm"": ""赵鸿达"", ""biz_priority"": ""风险合规中心优先级1"", ""estimated_iteration"": ""本迭代无法启动后续重新排期"", ""techLead"": ""0d5d1a69-68ee-4885-9bb7-bf93e92eb4aa"", ""admission"": ""true"", ""in_delivery"": ""false""}",大象-常规-26-0307,
接入报价回购、收益凭证业务的数据并进行风险计量及量化分析,<p>在大象风险管理工作站，增加【融资类产品业务监控面板】，包括：报价回购、收益凭证等，展示其业务开展现状、风控指标等。</p>,5e8c9352-8553-4e87-97dc-88594010f83a,4657dc96-1572-41e3-becd-0ba3d4ff8e22,none,"[""daa28f62-9d59-4c8a-9c93-28d931e72b99""]","{""req_source"": ""FICCHEADS-102"", ""department"": ""固定收益部"", ""domestic_overseas"": ""境内"", ""category_l1"": ""综合"", ""category_l2"": ""风险管理"", ""category_l3"": ""指标计算"", ""center"": ""风险合规中心"", ""team"": ""风险管理团队"", ""biz_pm"": ""赵鸿达"", ""biz_priority"": ""风险合规中心优先级2"", ""estimated_iteration"": ""预计提前完成（早于0307版本）"", ""techLead"": ""74c21a3b-1b9b-47f2-b7ab-b8195738260d"", ""admission"": ""true"", ""in_delivery"": ""false""}",大象-常规-26-0307,
监管报表-现券和回购偏离度报表完善需求V2,<p>对监管报表中，细分的“现券和回购偏离度报表”进行有关完善。</p>,5e8c9352-8553-4e87-97dc-88594010f83a,4657dc96-1572-41e3-becd-0ba3d4ff8e22,none,"[""daa28f62-9d59-4c8a-9c93-28d931e72b99""]","{""req_source"": ""FICCHEADS-812"", ""department"": ""固定收益部"", ""domestic_overseas"": ""境内"", ""category_l1"": ""综合"", ""category_l2"": ""风险管理"", ""category_l3"": ""业务报表"", ""center"": ""风险合规中心"", ""team"": ""风险管理团队"", ""biz_pm"": ""赵鸿达"", ""biz_priority"": ""风险合规中心优先级3"", ""estimated_iteration"": ""预计3个以上迭代完成交付"", ""techLead"": ""77342d2f-a6cf-4a2d-8142-2f5f84d0636a"", ""admission"": ""true"", ""in_delivery"": ""true""}",大象-常规-26-0307,
大象信用债持仓功能模块的开发需求,<p>信用债持仓功能（持仓整体分析）是构建系统性、全方位的大象持仓监控体系的核心功能，通过大象系统与CAMS平台的深度联动，可以实现用户实时跟踪账户变动、舆情预警等投资管理需求。</p><p>主要包括：持仓展示、持仓明细及持仓管理工具</p>,5e8c9352-8553-4e87-97dc-88594010f83a,4657dc96-1572-41e3-becd-0ba3d4ff8e22,none,"[""daa28f62-9d59-4c8a-9c93-28d931e72b99""]","{""req_source"": ""FICCHEADS-147"", ""department"": ""固定收益部"", ""domestic_overseas"": ""境内"", ""category_l1"": ""综合"", ""category_l2"": ""风险管理"", ""category_l3"": ""信用风险"", ""center"": ""风险合规中心"", ""team"": ""风险管理团队"", ""biz_pm"": ""赵鸿达"", ""biz_priority"": ""风险合规中心优先级4"", ""estimated_iteration"": ""本迭代无法启动后续重新排期"", ""techLead"": ""74c21a3b-1b9b-47f2-b7ab-b8195738260d"", ""admission"": ""true"", ""in_delivery"": ""false""}",大象-常规-26-0307,
衡泰系统增加跨市场债券品种的交易所代码资讯信息,<p>目前在衡泰簿记跨市场转托管业务时，缺少债券品种的交易所代码资讯，需手工维护。此需求为增加衡泰系统中跨市场债券品种的交易所市场代码资讯信息。（该需求为采购外部系统的需求，需要技术部承接采购，但不占或占用很少研发资源。）</p>,5e8c9352-8553-4e87-97dc-88594010f83a,4657dc96-1572-41e3-becd-0ba3d4ff8e22,none,"[""14b265fe-200d-46aa-8e25-66f57a1e130d""]","{""req_source"": ""FICCHEADS-326"", ""department"": ""固定收益部"", ""domestic_overseas"": ""境内"", ""category_l1"": ""综合"", ""category_l2"": ""平台优化"", ""category_l3"": ""数据接入"", ""center"": ""风险合规中心"", ""team"": ""风险管理团队"", ""biz_pm"": ""赵鸿达"", ""biz_priority"": ""风险合规中心优先级5"", ""admission"": ""true"", ""in_delivery"": ""true""}",大象-常规-26-0307,
中央交易室固定收益类交易执行自动化需求,<p></p>,5e8c9352-8553-4e87-97dc-88594010f83a,4657dc96-1572-41e3-becd-0ba3d4ff8e22,none,"[""6fe8459b-3b6b-4197-a29a-f95f2a7e20cc""]","{""req_source"": ""IT需求申请央20251028572539"", ""department"": ""中央交易室"", ""domestic_overseas"": ""境内"", ""biz_priority"": ""中央交易室优先级1"", ""estimated_iteration"": ""预计3个以上迭代完成交付"", ""techLead"": ""0d5d1a69-68ee-4885-9bb7-bf93e92eb4aa"", ""admission"": ""true"", ""in_delivery"": ""true""}",大象-常规-26-0307,
x-repo功能权限开放,<p></p>,5e8c9352-8553-4e87-97dc-88594010f83a,4657dc96-1572-41e3-becd-0ba3d4ff8e22,none,"[""6fe8459b-3b6b-4197-a29a-f95f2a7e20cc""]","{""req_source"": ""FICCREQ-433"", ""department"": ""资金运营部"", ""domestic_overseas"": ""境内"", ""biz_priority"": ""资运部优先级1"", ""estimated_iteration"": ""预计2个迭代完成交付"", ""techLead"": ""0d5d1a69-68ee-4885-9bb7-bf93e92eb4aa"", ""admission"": ""true"", ""in_delivery"": ""true""}",大象-常规-26-0307,
信用拆借、回购审批模板迁移至BPM,<p></p>,5e8c9352-8553-4e87-97dc-88594010f83a,4657dc96-1572-41e3-becd-0ba3d4ff8e22,none,"[""6fe8459b-3b6b-4197-a29a-f95f2a7e20cc""]","{""req_source"": ""FICCREQ-434"", ""department"": ""资金运营部"", ""domestic_overseas"": ""境内"", ""biz_priority"": ""资运部优先级2"", ""estimated_iteration"": ""本迭代无法启动后续重新排期"", ""techLead"": ""0d5d1a69-68ee-4885-9bb7-bf93e92eb4aa"", ""admission"": ""true"", ""in_delivery"": ""false""}",大象-常规-26-0307,
交易对手三级授信风控,<p></p>,5e8c9352-8553-4e87-97dc-88594010f83a,4657dc96-1572-41e3-becd-0ba3d4ff8e22,none,"[""6fe8459b-3b6b-4197-a29a-f95f2a7e20cc""]","{""req_source"": ""FICCREQ-402"", ""department"": ""资金运营部"", ""domestic_overseas"": ""境内"", ""biz_priority"": ""资运部优先级3"", ""estimated_iteration"": ""本迭代无法启动后续重新排期"", ""techLead"": ""0d5d1a69-68ee-4885-9bb7-bf93e92eb4aa"", ""admission"": ""true"", ""in_delivery"": ""false""}",大象-常规-26-0307,
改造对接统一产品库债券的静态数据,<p></p>,5e8c9352-8553-4e87-97dc-88594010f83a,4657dc96-1572-41e3-becd-0ba3d4ff8e22,none,"[""535b3838-1804-4a1f-8353-5320babd97b8"", ""b0c16d7f-e6db-46ed-b34e-ff2059b1c211""]","{""department"": ""信息技术部"", ""domestic_overseas"": ""境外"", ""estimated_iteration"": ""预计3个以上迭代完成交付"", ""techLead"": ""98cb9446-ac30-4857-9c77-644999e62d52"", ""admission"": ""true"", ""in_delivery"": ""true""}",大象-常规-26-0307,
场外期权入池场景技术优化,<p></p>,5e8c9352-8553-4e87-97dc-88594010f83a,4657dc96-1572-41e3-becd-0ba3d4ff8e22,none,"[""535b3838-1804-4a1f-8353-5320babd97b8""]","{""department"": ""信息技术部"", ""domestic_overseas"": ""境内"", ""estimated_iteration"": ""预计2个迭代完成交付"", ""techLead"": ""98cb9446-ac30-4857-9c77-644999e62d52"", ""admission"": ""true"", ""in_delivery"": ""true""}",大象-常规-26-0307,
境外债券ISIN码维护设置优化,<p></p>,5e8c9352-8553-4e87-97dc-88594010f83a,4657dc96-1572-41e3-becd-0ba3d4ff8e22,none,"[""535b3838-1804-4a1f-8353-5320babd97b8""]","{""department"": ""信息技术部"", ""domestic_overseas"": ""境外"", ""estimated_iteration"": ""预计当前迭代完成交付"", ""techLead"": ""98cb9446-ac30-4857-9c77-644999e62d52"", ""admission"": ""true"", ""in_delivery"": ""true""}",大象-常规-26-0307,
固收月度授权流程迁移,<p></p>,5e8c9352-8553-4e87-97dc-88594010f83a,4657dc96-1572-41e3-becd-0ba3d4ff8e22,none,"[""15e4d327-6119-4941-85ac-624f7b021630""]","{""req_source"": ""FICC-90347"", ""department"": ""信息技术部"", ""domestic_overseas"": ""境内"", ""estimated_iteration"": ""预计2个迭代完成交付"", ""techLead"": ""b5cf400d-4a1a-4daf-8ad7-dc33d720391c"", ""admission"": ""true"", ""in_delivery"": ""true""}",大象-常规-26-0307,
衡泰资金头寸数据补充外币数据铃客提醒,<p></p>,5e8c9352-8553-4e87-97dc-88594010f83a,4657dc96-1572-41e3-becd-0ba3d4ff8e22,none,"[""6fe8459b-3b6b-4197-a29a-f95f2a7e20cc""]","{""req_source"": ""FICC-90379"", ""department"": ""信息技术部"", ""domestic_overseas"": ""境内"", ""estimated_iteration"": ""预计当前迭代完成交付"", ""techLead"": ""0d5d1a69-68ee-4885-9bb7-bf93e92eb4aa"", ""admission"": ""true"", ""in_delivery"": ""true""}",大象-常规-26-0307,
大象中英文语言体系支持-0307,<p></p>,5e8c9352-8553-4e87-97dc-88594010f83a,4657dc96-1572-41e3-becd-0ba3d4ff8e22,none,"[""6fe8459b-3b6b-4197-a29a-f95f2a7e20cc""]","{""req_source"": ""FICC-90378"", ""department"": ""信息技术部"", ""domestic_overseas"": ""境内"", ""estimated_iteration"": ""预计当前迭代完成交付"", ""techLead"": ""ee12bda6-18fc-4ad5-a35e-74c256781157"", ""admission"": ""true"", ""in_delivery"": ""true""}",大象-常规-26-0307,
客户详情中全部文件下载替换OB新的接口,<p></p>,5e8c9352-8553-4e87-97dc-88594010f83a,4657dc96-1572-41e3-becd-0ba3d4ff8e22,none,"[""1f032804-4e24-4b85-a5d3-e57bb39f84b4""]","{""req_source"": ""FICC-90679"", ""department"": ""信息技术部"", ""domestic_overseas"": ""境内"", ""estimated_iteration"": ""预计当前迭代完成交付"", ""techLead"": ""ee12bda6-18fc-4ad5-a35e-74c256781157"", ""admission"": ""true"", ""in_delivery"": ""true""}",大象-常规-26-0307,
对接销售支持批量修改,<p></p>,5e8c9352-8553-4e87-97dc-88594010f83a,4657dc96-1572-41e3-becd-0ba3d4ff8e22,none,"[""1f032804-4e24-4b85-a5d3-e57bb39f84b4""]","{""req_source"": ""FICC-90752"", ""department"": ""信息技术部"", ""domestic_overseas"": ""境内"", ""estimated_iteration"": ""预计当前迭代完成交付"", ""techLead"": ""144bf735-9e10-4029-84d0-85e3749bf5d3"", ""admission"": ""true"", ""in_delivery"": ""true""}",大象-常规-26-0307,
碳排放客户支持调整手工评级,<p></p>,5e8c9352-8553-4e87-97dc-88594010f83a,4657dc96-1572-41e3-becd-0ba3d4ff8e22,none,"[""1f032804-4e24-4b85-a5d3-e57bb39f84b4""]","{""req_source"": ""FICC-90739"", ""department"": ""信息技术部"", ""domestic_overseas"": ""境内"", ""techLead"": ""144bf735-9e10-4029-84d0-85e3749bf5d3"", ""admission"": ""true"", ""in_delivery"": ""true""}",大象-常规-26-0307,
iDeal客户画像持续迭代,<p></p>,5e8c9352-8553-4e87-97dc-88594010f83a,4657dc96-1572-41e3-becd-0ba3d4ff8e22,none,"[""1f032804-4e24-4b85-a5d3-e57bb39f84b4""]","{""req_source"": ""FICC-90381"", ""department"": ""信息技术部"", ""domestic_overseas"": ""境内"", ""techLead"": ""3a43fac4-6a60-42e4-a1b8-3f434ce9cf87"", ""admission"": ""true""}",大象-常规-26-0307,
LAMP持续优化,<p></p>,5e8c9352-8553-4e87-97dc-88594010f83a,4657dc96-1572-41e3-becd-0ba3d4ff8e22,none,"[""daa28f62-9d59-4c8a-9c93-28d931e72b99""]","{""department"": ""信息技术部"", ""domestic_overseas"": ""境内"", ""techLead"": ""74c21a3b-1b9b-47f2-b7ab-b8195738260d"", ""admission"": ""true"", ""in_delivery"": ""true""}",大象-常规-26-0307,
O45迁移+交易所固收平台切换至互联网平台,<p></p>,5e8c9352-8553-4e87-97dc-88594010f83a,4657dc96-1572-41e3-becd-0ba3d4ff8e22,none,"[""86316c00-0847-43a8-8176-834f264e0307""]","{""department"": ""信息技术部"", ""domestic_overseas"": ""境内"", ""biz_pm"": ""赵鸿达"", ""estimated_iteration"": ""预计3个以上迭代完成交付"", ""techLead"": ""0d5d1a69-68ee-4885-9bb7-bf93e92eb4aa"", ""admission"": ""true"", ""in_delivery"": ""true""}",大象-常规-26-0307,
策略平台ETCD升级,<p></p>,5e8c9352-8553-4e87-97dc-88594010f83a,4657dc96-1572-41e3-becd-0ba3d4ff8e22,none,"[""77342d2f-a6cf-4a2d-8142-2f5f84d0636a""]","{""department"": ""信息技术部"", ""domestic_overseas"": ""境内"", ""techLead"": ""5ac3485a-8d93-454c-bd0d-0c048df1ba42"", ""admission"": ""true"", ""in_delivery"": ""true""}",大象-常规-26-0307,
RDS服务改到common域,<p></p>,5e8c9352-8553-4e87-97dc-88594010f83a,4657dc96-1572-41e3-becd-0ba3d4ff8e22,none,"[""535b3838-1804-4a1f-8353-5320babd97b8""]","{""department"": ""信息技术部"", ""domestic_overseas"": ""境内"", ""estimated_iteration"": ""预计当前迭代完成交付"", ""techLead"": ""98cb9446-ac30-4857-9c77-644999e62d52"", ""admission"": ""true"", ""in_delivery"": ""true""}",大象-常规-26-0307,
境外债券支持配置汇率敞口算法,<p>支持境外债券合约的汇率敞口的灵活配置和计算，满足客户对于汇率浮动所导致的本金损益精细化管理的诉求</p>,5e8c9352-8553-4e87-97dc-88594010f83a,4657dc96-1572-41e3-becd-0ba3d4ff8e22,none,"[""9a969130-2666-4604-9326-c2b17ca09ef1""]","{""req_source"": ""FICCHEADS-1127"", ""department"": ""固定收益部"", ""domestic_overseas"": ""境内"", ""category_l1"": ""场外衍生品"", ""category_l2"": ""场外收益互换"", ""category_l3"": ""场外"", ""center"": ""代客业务中心"", ""biz_pm"": ""褚悦珊"", ""biz_priority"": ""在研-优先级0"", ""techLead"": ""144bf735-9e10-4029-84d0-85e3749bf5d3"", ""admission"": ""true"", ""in_delivery"": ""true""}",大象-常规-26-0328,
境外债TRS付息/资金流水自动生成,<p>支持境外债TRS（包括中资美元债、点心债等）自动生成债券付息资金流水与交易流水，具体包括：</p><p>1）合约簿记增加派息规则等字段</p><p>2）自动生成付息要素</p><p>3）生成付息交易流水</p><p>4）生成资金流水</p>,5e8c9352-8553-4e87-97dc-88594010f83a,4657dc96-1572-41e3-becd-0ba3d4ff8e22,none,"[""9a969130-2666-4604-9326-c2b17ca09ef1""]","{""req_source"": ""FICCHEADS-1124"", ""department"": ""固定收益部"", ""domestic_overseas"": ""境内"", ""category_l1"": ""互换"", ""category_l2"": ""场外收益互换"", ""category_l3"": ""场外"", ""center"": ""代客业务中心"", ""biz_pm"": ""褚悦珊"", ""biz_priority"": ""在研-优先级0"", ""techLead"": ""144bf735-9e10-4029-84d0-85e3749bf5d3"", ""admission"": ""true"", ""in_delivery"": ""true""}",大象-常规-26-0328,
TARF平台建设,<p></p>,5e8c9352-8553-4e87-97dc-88594010f83a,4657dc96-1572-41e3-becd-0ba3d4ff8e22,none,"[""daa28f62-9d59-4c8a-9c93-28d931e72b99""]","{""req_source"": ""FICCHEADS-1167"", ""department"": ""香港金控FICC"", ""domestic_overseas"": ""境外"", ""category_l1"": ""场外衍生品"", ""category_l2"": ""TARF"", ""category_l3"": ""交易簿记"", ""center"": ""代客业务中心"", ""team"": ""外汇产品团队"", ""biz_pm"": ""陈思宇"", ""biz_priority"": ""在研-优先级0"", ""techLead"": ""f81bb5d7-a37c-4d34-b1fc-f92d46f5b2a8"", ""admission"": ""true"", ""in_delivery"": ""true""}",大象-常规-26-0328,【Calypso下线项目】Tarf簿记
港交所外汇期货做市交易系统建设需求说明书,<p></p>,5e8c9352-8553-4e87-97dc-88594010f83a,4657dc96-1572-41e3-becd-0ba3d4ff8e22,none,"[""943c1313-5035-46a0-b1e2-91e3a19546a6""]","{""req_source"": ""FICCHEADS-1180"", ""department"": ""香港金控FICC"", ""domestic_overseas"": ""境外"", ""category_l1"": ""外汇"", ""category_l2"": ""外汇期货"", ""category_l3"": ""交易链路"", ""center"": ""做市业务中心"", ""team"": ""外汇做市台"", ""biz_pm"": ""赵鸿达"", ""biz_priority"": ""在研-优先级0"", ""techLead"": ""98cb9446-ac30-4857-9c77-644999e62d52"", ""admission"": ""true"", ""in_delivery"": ""true""}",大象-常规-26-0328,【海外交易能力建设】香港外汇期货做市项目
IRS交易支持对接xswap实现线上对冲,<p>目前场外衍生品平台TRS的IRS品种对客交易，客户主要是通过线下与我们达成交易，交易效率低，后续通过大象平台TRS对冲端直连X-Swap平台，客户可以直接线上看到X-Swap价格（加点）进行成交，能大幅提升交易量。目前TRS支持债券通过X-Bond的成交模式。</p>,5e8c9352-8553-4e87-97dc-88594010f83a,4657dc96-1572-41e3-becd-0ba3d4ff8e22,none,"[""9a969130-2666-4604-9326-c2b17ca09ef1""]","{""req_source"": ""FICCHEADS-873"", ""department"": ""固定收益部"", ""domestic_overseas"": ""境内"", ""category_l1"": ""互换"", ""category_l2"": ""场外收益互换"", ""category_l3"": ""场外"", ""center"": ""代客业务中心"", ""biz_pm"": ""褚悦珊"", ""biz_priority"": ""在研-优先级0"", ""techLead"": ""144bf735-9e10-4029-84d0-85e3749bf5d3"", ""admission"": ""true"", ""in_delivery"": ""true""}",大象-常规-26-0328,
境外债自营风控优化需求,<p></p>,5e8c9352-8553-4e87-97dc-88594010f83a,4657dc96-1572-41e3-becd-0ba3d4ff8e22,none,"[""86316c00-0847-43a8-8176-834f264e0307""]","{""req_source"": ""FICCHEADS-1097"", ""department"": ""固定收益部"", ""domestic_overseas"": ""境内"", ""category_l1"": ""债券"", ""category_l2"": ""南向通债券"", ""category_l3"": ""交易风控"", ""center"": ""风险合规中心"", ""team"": ""风险管理团队"", ""biz_pm"": ""赵鸿达"", ""biz_priority"": ""在研-优先级0"", ""techLead"": ""0d5d1a69-68ee-4885-9bb7-bf93e92eb4aa"", ""admission"": ""true"", ""in_delivery"": ""true""}",大象-常规-26-0328,
iDeal机器人自动下单功能(新增支持平安利顺）,<p>实现直连货币中介iDeal机器人的债券自动下单成交。</p><p>此需求为新增对接直连货币中介平安理顺的机器人。</p>,5e8c9352-8553-4e87-97dc-88594010f83a,4657dc96-1572-41e3-becd-0ba3d4ff8e22,none,"[""1f032804-4e24-4b85-a5d3-e57bb39f84b4""]","{""req_source"": ""FICCHEADS-1099"", ""department"": ""固定收益部"", ""domestic_overseas"": ""境内"", ""category_l1"": ""债券"", ""category_l2"": ""银行间债券"", ""category_l3"": ""直连经纪商债券交易"", ""center"": ""做市业务中心"", ""team"": ""本币做市台"", ""biz_pm"": ""韩玲"", ""biz_priority"": ""在研-优先级0"", ""techLead"": ""0d5d1a69-68ee-4885-9bb7-bf93e92eb4aa"", ""admission"": ""true"", ""in_delivery"": ""true""}",大象-常规-26-0328,
其他债权投资和持有至到期损益计算逻辑优化,<p></p>,5e8c9352-8553-4e87-97dc-88594010f83a,4657dc96-1572-41e3-becd-0ba3d4ff8e22,none,"[""daa28f62-9d59-4c8a-9c93-28d931e72b99""]","{""req_source"": ""FICCHEADS-1136"", ""department"": ""固定收益部"", ""domestic_overseas"": ""境内"", ""category_l1"": ""综合"", ""category_l2"": ""风险管理"", ""category_l3"": ""业务报表"", ""center"": ""风险合规中心"", ""team"": ""风险管理团队"", ""biz_pm"": ""赵鸿达"", ""biz_priority"": ""在研-优先级0"", ""techLead"": ""74c21a3b-1b9b-47f2-b7ab-b8195738260d"", ""admission"": ""true"", ""in_delivery"": ""true""}",大象-常规-26-0328,
增加财富管理部私行中心客户准入流程,<p></p>,5e8c9352-8553-4e87-97dc-88594010f83a,4657dc96-1572-41e3-becd-0ba3d4ff8e22,none,"[""1f032804-4e24-4b85-a5d3-e57bb39f84b4""]","{""req_source"": ""FICCHEADS-1082"", ""department"": ""固定收益部"", ""domestic_overseas"": ""境内"", ""category_l1"": ""综合"", ""category_l2"": ""销售业务"", ""category_l3"": ""数据报送"", ""center"": ""销售业务中心"", ""team"": ""代客销售团队"", ""biz_pm"": ""吴凡"", ""biz_priority"": ""在研-优先级0"", ""techLead"": ""144bf735-9e10-4029-84d0-85e3749bf5d3"", ""admission"": ""true"", ""in_delivery"": ""true""}",大象-常规-26-0328,
监管报表-现券和回购偏离度报表完善需求V2,<p>对监管报表中，细分的“现券和回购偏离度报表”进行有关完善。</p>,5e8c9352-8553-4e87-97dc-88594010f83a,4657dc96-1572-41e3-becd-0ba3d4ff8e22,none,"[""daa28f62-9d59-4c8a-9c93-28d931e72b99""]","{""req_source"": ""FICCHEADS-812"", ""department"": ""固定收益部"", ""domestic_overseas"": ""境内"", ""category_l1"": ""综合"", ""category_l2"": ""风险管理"", ""category_l3"": ""业务报表"", ""center"": ""风险合规中心"", ""team"": ""风险管理团队"", ""biz_pm"": ""赵鸿达"", ""biz_priority"": ""在研-优先级0"", ""techLead"": ""77342d2f-a6cf-4a2d-8142-2f5f84d0636a"", ""admission"": ""true"", ""in_delivery"": ""true""}",大象-常规-26-0328,
OCI账户持仓减值计算方案调整需求说明书,<p>对以摊余成本计量的债券、以公允价值计量且其变动计入其他综合收益的债券的减值计算方法进行调整。</p>,5e8c9352-8553-4e87-97dc-88594010f83a,4657dc96-1572-41e3-becd-0ba3d4ff8e22,none,"[""86316c00-0847-43a8-8176-834f264e0307""]","{""req_source"": ""FICCHEADS-1110"", ""department"": ""固定收益部"", ""domestic_overseas"": ""境内"", ""category_l1"": ""综合"", ""category_l2"": ""风险管理"", ""category_l3"": ""账户管理"", ""center"": ""自营业务中心"", ""team"": ""自营交易五台"", ""biz_pm"": ""赵鸿达"", ""biz_priority"": ""自营业务中心优先级1"", ""techLead"": ""74c21a3b-1b9b-47f2-b7ab-b8195738260d"", ""admission"": ""true"", ""in_delivery"": ""false""}",大象-常规-26-0328,
债券ETF业务系统需求说明书（二期）：二级交易,<p>实现债券ETF交易链路建设中二级交易功能。</p>,5e8c9352-8553-4e87-97dc-88594010f83a,4657dc96-1572-41e3-becd-0ba3d4ff8e22,none,"[""86316c00-0847-43a8-8176-834f264e0307""]","{""req_source"": ""FICCHEADS-1140"", ""department"": ""固定收益部"", ""domestic_overseas"": ""境内"", ""category_l1"": ""基金"", ""category_l2"": ""债券ETF"", ""category_l3"": ""交易链路"", ""center"": ""自营业务中心"", ""team"": ""信用交易台"", ""biz_pm"": ""韩玲"", ""biz_priority"": ""自营业务中心优先级2"", ""techLead"": ""0d5d1a69-68ee-4885-9bb7-bf93e92eb4aa"", ""admission"": ""true"", ""in_delivery"": ""true""}",大象-常规-26-0328,
美国国债做市系统需求,<p>1. 对冲端连接城堡基金接口， 接入对冲端渠道的行情信息</p><p>2. 报价端连接彭博等渠道，策略报价能够报至ALLQ等渠道</p><p>3. 大象报价面板支持进行对美国国债的策略报价和策略对冲平盘</p><p>4. 大象询价回复面板和类似功能支持进行客户询价的策略/人工询价回复</p><p>5. 支持查询订单、成交、持仓、PnL、风险等相关报表信息</p>,5e8c9352-8553-4e87-97dc-88594010f83a,4657dc96-1572-41e3-becd-0ba3d4ff8e22,none,"[""943c1313-5035-46a0-b1e2-91e3a19546a6""]","{""req_source"": ""FICCHEADS-1189"", ""department"": ""香港金控FICC"", ""domestic_overseas"": ""境外"", ""category_l1"": ""债券"", ""category_l2"": ""美国国债"", ""category_l3"": ""交易链路"", ""center"": ""做市业务中心"", ""team"": ""外币债券做市台"", ""biz_pm"": ""韩玲"", ""biz_priority"": ""做市业务中心优先级1"", ""techLead"": ""0d5d1a69-68ee-4885-9bb7-bf93e92eb4aa"", ""admission"": ""true"", ""in_delivery"": ""true""}",大象-常规-26-0328,
金控FICC期货（港交所外汇期货）前台交易簿记需求,<p>本需求为前台交易簿记需求，针对港交所外汇期货所涉及的前台交易簿记，拟进行整体建设，包括交易簿记、持仓管理、风险管理、估值模型及现金流计算、账户管理等。</p>,5e8c9352-8553-4e87-97dc-88594010f83a,4657dc96-1572-41e3-becd-0ba3d4ff8e22,none,"[""943c1313-5035-46a0-b1e2-91e3a19546a6""]","{""req_source"": ""FICCHEADS-1194"", ""department"": ""香港金控FICC"", ""domestic_overseas"": ""境外"", ""category_l1"": ""期货"", ""category_l2"": ""外汇期货"", ""category_l3"": ""交易簿记"", ""center"": ""做市业务中心"", ""team"": ""大象平台产品团队"", ""biz_pm"": ""赵鸿达"", ""biz_priority"": ""做市业务中心优先级2"", ""techLead"": ""0d5d1a69-68ee-4885-9bb7-bf93e92eb4aa"", ""admission"": ""true"", ""in_delivery"": ""true""}",大象-常规-26-0328,
收益互换支持挂钩加拿大多伦多交易所和美国BATS交易所权益品种,<p>为满足客户交易需求，场外衍生品平台收益互换新增支持美国BATS证券交易所、加拿大多伦多证券交易所的权益品种，以上交易适用目前场外衍生品平台的风控规则（包括实时和日终风控），并支持合约自动生成、估值、实时/日终盯市等合约全生命周期管理</p>,5e8c9352-8553-4e87-97dc-88594010f83a,4657dc96-1572-41e3-becd-0ba3d4ff8e22,none,"[""9a969130-2666-4604-9326-c2b17ca09ef1""]","{""req_source"": ""FICCHEADS-1184"", ""department"": ""固定收益部"", ""domestic_overseas"": ""境内"", ""category_l1"": ""场外衍生品"", ""category_l2"": ""场外收益互换"", ""category_l3"": ""交易链路"", ""center"": ""代客业务中心"", ""team"": ""多资产创新产品团队"", ""biz_pm"": ""褚悦珊"", ""biz_priority"": ""代客业务中心优先级1"", ""techLead"": ""144bf735-9e10-4029-84d0-85e3749bf5d3"", ""admission"": ""true"", ""in_delivery"": ""false""}",大象-常规-26-0328,
债券增值税现金流自动生成,<p>自2025年8月8日起，财政部、税务总局将对在该日期之后（含当日）新发行的国债、地方政府债券、金融债券的利息收入，恢复征收增值税。需要对系统功能进行改造，以生成增值税费用现金流需支持推送运营中心复核</p>,5e8c9352-8553-4e87-97dc-88594010f83a,4657dc96-1572-41e3-becd-0ba3d4ff8e22,none,"[""9a969130-2666-4604-9326-c2b17ca09ef1""]","{""req_source"": ""FICCHEADS-1149"", ""department"": ""固定收益部"", ""domestic_overseas"": ""境内"", ""category_l1"": ""场外衍生品"", ""category_l2"": ""场外收益互换"", ""category_l3"": ""交易管理"", ""center"": ""代客业务中心"", ""team"": ""宏观产品团队"", ""biz_pm"": ""褚悦珊"", ""biz_priority"": ""代客业务中心优先级2"", ""techLead"": ""144bf735-9e10-4029-84d0-85e3749bf5d3"", ""admission"": ""true"", ""in_delivery"": ""true""}",大象-常规-26-0328,
部分白名单资质更新提醒提前,<p>对于衍生品客户下“专业投资者类型”为“专业一类”且“机构大类”为“私募”以外其他类型时，将客户下次年度资质更新首次提醒时间设置为到期前2个月。</p>,5e8c9352-8553-4e87-97dc-88594010f83a,4657dc96-1572-41e3-becd-0ba3d4ff8e22,none,"[""1f032804-4e24-4b85-a5d3-e57bb39f84b4""]","{""req_source"": ""FICCHEADS-1096"", ""department"": ""固定收益部"", ""domestic_overseas"": ""境内"", ""category_l1"": ""综合"", ""category_l2"": ""销售业务"", ""category_l3"": ""销售管理"", ""center"": ""销售业务中心"", ""team"": ""代客销售团队"", ""biz_pm"": ""陈思宇"", ""biz_priority"": ""销售业务中心优先级1"", ""techLead"": ""144bf735-9e10-4029-84d0-85e3749bf5d3"", ""admission"": ""true"", ""in_delivery"": ""true""}",大象-常规-26-0328,
支持产品更换管理人功能,<p>在年度资质更新场景支持前端增加产品切换管理人/管理人平移的选项，系统不固定管理人ECIFID，根据流程中填写的管理人重新派发ID。办结后系统更新产品所属管理人的关系。</p>,5e8c9352-8553-4e87-97dc-88594010f83a,4657dc96-1572-41e3-becd-0ba3d4ff8e22,none,"[""1f032804-4e24-4b85-a5d3-e57bb39f84b4""]","{""req_source"": ""FICCHEADS-983"", ""department"": ""固定收益部"", ""domestic_overseas"": ""境内"", ""category_l1"": ""综合"", ""category_l2"": ""销售业务"", ""category_l3"": ""销售管理"", ""center"": ""销售业务中心"", ""team"": ""代客销售团队"", ""biz_pm"": ""陈思宇"", ""biz_priority"": ""销售业务中心优先级2"", ""techLead"": ""144bf735-9e10-4029-84d0-85e3749bf5d3"", ""admission"": ""true"", ""in_delivery"": ""false""}",大象-常规-26-0328,
外币回购大象开发需求,<p>新开发外币回购业务模块，但需求目前还在审核，尚未提交</p>,5e8c9352-8553-4e87-97dc-88594010f83a,4657dc96-1572-41e3-becd-0ba3d4ff8e22,none,"[""6fe8459b-3b6b-4197-a29a-f95f2a7e20cc""]","{""req_source"": ""FICCHEADS-1197"", ""department"": ""固定收益部"", ""domestic_overseas"": ""境内"", ""category_l1"": ""回购"", ""category_l2"": ""外币回购"", ""category_l3"": ""交易链路"", ""center"": ""流动性管理中心"", ""team"": ""—"", ""biz_pm"": ""韩玲"", ""biz_priority"": ""流动性管理中心优先级1"", ""techLead"": ""0d5d1a69-68ee-4885-9bb7-bf93e92eb4aa"", ""admission"": ""true"", ""in_delivery"": ""true""}",大象-常规-26-0328,
票据业务持仓占用规则调整,<p>将票据业务持仓额度占用纳入固收常规限额体系内。</p>,5e8c9352-8553-4e87-97dc-88594010f83a,4657dc96-1572-41e3-becd-0ba3d4ff8e22,none,"[""6fe8459b-3b6b-4197-a29a-f95f2a7e20cc""]","{""req_source"": ""FICCHEADS-955"", ""department"": ""固定收益部"", ""domestic_overseas"": ""境内"", ""category_l1"": ""票据"", ""category_l2"": ""转贴现和正回购"", ""category_l3"": ""交易链路"", ""center"": ""流动性管理中心"", ""team"": ""—"", ""biz_pm"": ""韩玲"", ""biz_priority"": ""流动性管理中心优先级2"", ""techLead"": ""0d5d1a69-68ee-4885-9bb7-bf93e92eb4aa"", ""admission"": ""true"", ""in_delivery"": ""false""}",大象-常规-26-0328,
金交所/银行间 即远掉询价交易风控相关需求,<p>为丰富客需衍生品业务对冲渠道的多样性，交易台提出支持黄金即远掉交易需求。相应地，风险管理方面提出配套风险管理以及风险分析需求以支持该业务开展，包括：</p><p>1）相关授权与权限功能；</p><p>2）场外衍生品估值敞口监控界面以及损益监控有关功能开发及改造。</p>,5e8c9352-8553-4e87-97dc-88594010f83a,4657dc96-1572-41e3-becd-0ba3d4ff8e22,none,"[""86316c00-0847-43a8-8176-834f264e0307""]","{""req_source"": ""FICCHEADS-931"", ""department"": ""固定收益部"", ""domestic_overseas"": ""境内"", ""category_l1"": ""贵金属"", ""category_l2"": ""黄金"", ""category_l3"": ""交易风控"", ""center"": ""风险合规中心"", ""team"": ""风险管理团队"", ""biz_pm"": ""赵鸿达"", ""biz_priority"": ""风险合规中心优先级1"", ""techLead"": ""0d5d1a69-68ee-4885-9bb7-bf93e92eb4aa"", ""admission"": ""true"", ""in_delivery"": ""false""}",大象-常规-26-0328,
大象信用债持仓功能模块的开发需求,<p>大象信用债持仓监控功能构建</p>,5e8c9352-8553-4e87-97dc-88594010f83a,4657dc96-1572-41e3-becd-0ba3d4ff8e22,none,"[""daa28f62-9d59-4c8a-9c93-28d931e72b99""]","{""req_source"": ""FICCHEADS-147"", ""department"": ""固定收益部"", ""domestic_overseas"": ""境内"", ""category_l1"": ""综合"", ""category_l2"": ""风险管理"", ""category_l3"": ""信用风险"", ""center"": ""风险合规中心"", ""team"": ""风险管理团队"", ""biz_pm"": ""赵鸿达"", ""biz_priority"": ""风险合规中心优先级2"", ""techLead"": ""74c21a3b-1b9b-47f2-b7ab-b8195738260d"", ""admission"": ""true"", ""in_delivery"": ""false""}",大象-常规-26-0328,
中央交易室固定收益类交易执行自动化需求,<p>随着交易中心、沪深交易所不断推出和完善各类型FICC类交易的接口，部分由中央交易室执行交易员手工下单的交易可接入自动化接口，减少大象系统和交易系统间的断点，降低相关操作风险，提升交易效率。</p>,5e8c9352-8553-4e87-97dc-88594010f83a,4657dc96-1572-41e3-becd-0ba3d4ff8e22,none,"[""6fe8459b-3b6b-4197-a29a-f95f2a7e20cc""]","{""req_source"": ""IT需求申请央20251028572539"", ""department"": ""中央交易室"", ""domestic_overseas"": ""境内"", ""biz_pm"": ""张语蕙"", ""biz_priority"": ""中央交易室优先级1"", ""techLead"": ""0d5d1a69-68ee-4885-9bb7-bf93e92eb4aa"", ""admission"": ""true"", ""in_delivery"": ""false""}",大象-常规-26-0328,
资金部2026年度IT需求申请（信用拆借审批链路迁移BPM）,<p>根据部门业务发展及数字化转型规划，拟定2025年系统建设框架性需求，如附件。相关需求前期已线下沟通确认过。</p>,5e8c9352-8553-4e87-97dc-88594010f83a,4657dc96-1572-41e3-becd-0ba3d4ff8e22,none,"[""6fe8459b-3b6b-4197-a29a-f95f2a7e20cc""]","{""req_source"": ""IT需求申请资运20251224590060"", ""department"": ""资金运营部"", ""domestic_overseas"": ""境内"", ""biz_pm"": ""杨畅"", ""biz_priority"": ""资运部优先级2"", ""techLead"": ""0d5d1a69-68ee-4885-9bb7-bf93e92eb4aa"", ""admission"": ""true"", ""in_delivery"": ""false""}",大象-常规-26-0328,
资金部2026年度IT需求申请（交易所回购策略信号发掘第一阶段）,<p>根据部门业务发展及数字化转型规划，拟定2025年系统建设框架性需求，如附件。相关需求前期已线下沟通确认过。</p>,5e8c9352-8553-4e87-97dc-88594010f83a,4657dc96-1572-41e3-becd-0ba3d4ff8e22,none,"[""6fe8459b-3b6b-4197-a29a-f95f2a7e20cc""]","{""req_source"": ""IT需求申请资运20251224590060"", ""department"": ""资金运营部"", ""domestic_overseas"": ""境内"", ""biz_pm"": ""杨畅"", ""biz_priority"": ""资运部优先级1"", ""techLead"": ""74c21a3b-1b9b-47f2-b7ab-b8195738260d"", ""admission"": ""true"", ""in_delivery"": ""false""}",大象-常规-26-0328,
关于风险数据集市采集固收Cube和大象系统场外业务数据的需求,<p>提供大象系统手工簿记行情、收益互换定义文件、预付金账户配置、保证金参数、盯市配置、交易簿参数、簿记复核状态变更等数据以及Cube系统簿记复核状态变更数据，数据具体需求详情见附件</p>,5e8c9352-8553-4e87-97dc-88594010f83a,4657dc96-1572-41e3-becd-0ba3d4ff8e22,none,"[""9a969130-2666-4604-9326-c2b17ca09ef1""]","{""req_source"": ""IT需求申请风20250905559247"", ""department"": ""风险管理部"", ""domestic_overseas"": ""境内"", ""biz_pm"": ""汪倪佳"", ""biz_priority"": ""风控部优先级1"", ""techLead"": ""b5cf400d-4a1a-4daf-8ad7-dc33d720391c"", ""admission"": ""true"", ""in_delivery"": ""true""}",大象-常规-26-0328,
金控FICC美国国债自动化交易链路业务需求二期（XOR：大象报到彭博后无需交易员确认直接对外报单）,<p>实现自营中心美国国债交易链路建设，通过彭博XOR模块，实现大象报到彭博后无需交易员确认直接对外报单。</p>,5e8c9352-8553-4e87-97dc-88594010f83a,4657dc96-1572-41e3-becd-0ba3d4ff8e22,none,"[""8baed4ad-64c0-4922-b4bb-e9d77a865fd7""]","{""req_source"": ""FICCHEADS-1168"", ""department"": ""香港金控FICC"", ""domestic_overseas"": ""境外"", ""category_l1"": ""债券"", ""category_l2"": ""美国国债"", ""category_l3"": ""交易链路"", ""center"": ""自营业务中心"", ""team"": ""中央交易台/香港交易一台"", ""biz_pm"": ""沙学府"", ""biz_priority"": ""在研-优先级0"", ""techLead"": ""0d5d1a69-68ee-4885-9bb7-bf93e92eb4aa"", ""admission"": ""true"", ""in_delivery"": ""true""}",大象-常规-26-0328,【海外交易能力建设】美国国债自营交易链路
LAMP持续优化,<p></p>,5e8c9352-8553-4e87-97dc-88594010f83a,4657dc96-1572-41e3-becd-0ba3d4ff8e22,none,"[""daa28f62-9d59-4c8a-9c93-28d931e72b99""]","{""department"": ""信息技术部"", ""domestic_overseas"": ""境内"", ""techLead"": ""74c21a3b-1b9b-47f2-b7ab-b8195738260d"", ""admission"": ""true"", ""in_delivery"": ""true""}",大象-常规-26-0328,FICC人工智能专项项目
iDeal客户画像持续迭代,<p></p>,5e8c9352-8553-4e87-97dc-88594010f83a,4657dc96-1572-41e3-becd-0ba3d4ff8e22,none,"[""1f032804-4e24-4b85-a5d3-e57bb39f84b4""]","{""department"": ""信息技术部"", ""techLead"": ""3a43fac4-6a60-42e4-a1b8-3f434ce9cf87"", ""admission"": ""true"", ""in_delivery"": ""true""}",大象-常规-26-0328,
场外港股支持打新阶段定义和维护,<p></p>,5e8c9352-8553-4e87-97dc-88594010f83a,4657dc96-1572-41e3-becd-0ba3d4ff8e22,none,"[""535b3838-1804-4a1f-8353-5320babd97b8""]","{""department"": ""信息技术部"", ""domestic_overseas"": ""境内"", ""techLead"": ""98cb9446-ac30-4857-9c77-644999e62d52"", ""admission"": ""true"", ""in_delivery"": ""true""}",大象-常规-26-0328,
对接彭博交易日历和结算日历,<p></p>,5e8c9352-8553-4e87-97dc-88594010f83a,4657dc96-1572-41e3-becd-0ba3d4ff8e22,none,"[""535b3838-1804-4a1f-8353-5320babd97b8""]","{""department"": ""信息技术部"", ""domestic_overseas"": ""境内"", ""techLead"": ""98cb9446-ac30-4857-9c77-644999e62d52"", ""admission"": ""true"", ""in_delivery"": ""true""}",大象-常规-26-0328,
O45迁移+交易所固收平台切换至互联网平台,<p></p>,5e8c9352-8553-4e87-97dc-88594010f83a,4657dc96-1572-41e3-becd-0ba3d4ff8e22,none,"[""86316c00-0847-43a8-8176-834f264e0307""]","{""department"": ""信息技术部"", ""domestic_overseas"": ""境内"", ""biz_pm"": ""赵鸿达"", ""techLead"": ""0d5d1a69-68ee-4885-9bb7-bf93e92eb4aa"", ""admission"": ""true"", ""in_delivery"": ""true""}",大象-常规-26-0328,O45迁移项目
美债calypso替代项目-内部服务优化,<p></p>,5e8c9352-8553-4e87-97dc-88594010f83a,4657dc96-1572-41e3-becd-0ba3d4ff8e22,none,"[""86316c00-0847-43a8-8176-834f264e0307""]","{""department"": ""信息技术部"", ""techLead"": ""0d5d1a69-68ee-4885-9bb7-bf93e92eb4aa"", ""admission"": ""true"", ""in_delivery"": ""true""}",大象-常规-26-0328,
智能BI项目POC,<p></p>,5e8c9352-8553-4e87-97dc-88594010f83a,4657dc96-1572-41e3-becd-0ba3d4ff8e22,none,"[""b5cf400d-4a1a-4daf-8ad7-dc33d720391c""]","{""department"": ""信息技术部"", ""domestic_overseas"": ""境内"", ""center"": ""FICC交易平台中心"", ""team"": ""平台架构"", ""biz_pm"": ""毕成功"", ""techLead"": ""b5cf400d-4a1a-4daf-8ad7-dc33d720391c"", ""admission"": ""true"", ""in_delivery"": ""false""}",大象-常规-26-0328,
香港金工资讯本地化部署需求,<p></p>,5e8c9352-8553-4e87-97dc-88594010f83a,4657dc96-1572-41e3-becd-0ba3d4ff8e22,none,"[""b5cf400d-4a1a-4daf-8ad7-dc33d720391c""]","{""department"": ""信息技术部"", ""domestic_overseas"": ""境内"", ""center"": ""FICC交易平台中心"", ""team"": ""平台架构"", ""biz_pm"": ""毕成功"", ""techLead"": ""b5cf400d-4a1a-4daf-8ad7-dc33d720391c"", ""admission"": ""true"", ""in_delivery"": ""false""}",大象-常规-26-0328,
【问题修复】南向通债券风控应急白名单支持,<p></p>,5e8c9352-8553-4e87-97dc-88594010f83a,4657dc96-1572-41e3-becd-0ba3d4ff8e22,none,"[""86316c00-0847-43a8-8176-834f264e0307""]","{""department"": ""信息技术部"", ""domestic_overseas"": ""境内"", ""techLead"": ""ee12bda6-18fc-4ad5-a35e-74c256781157"", ""admission"": ""true"", ""in_delivery"": ""true""}",大象-常规-26-0328,
【问题修复】金交所现货标的日间持仓计算,<p></p>,5e8c9352-8553-4e87-97dc-88594010f83a,4657dc96-1572-41e3-becd-0ba3d4ff8e22,none,"[""86316c00-0847-43a8-8176-834f264e0307""]","{""department"": ""信息技术部"", ""domestic_overseas"": ""境内"", ""techLead"": ""ee12bda6-18fc-4ad5-a35e-74c256781157"", ""admission"": ""true"", ""in_delivery"": ""true""}",大象-常规-26-0328,
月度授权流程启动迁移,<p></p>,5e8c9352-8553-4e87-97dc-88594010f83a,4657dc96-1572-41e3-becd-0ba3d4ff8e22,none,"[""15e4d327-6119-4941-85ac-624f7b021630""]","{""department"": ""信息技术部"", ""domestic_overseas"": ""境内"", ""center"": ""FICC交易平台中心"", ""team"": ""平台架构"", ""biz_pm"": ""姜玉珠"", ""techLead"": ""b5cf400d-4a1a-4daf-8ad7-dc33d720391c"", ""admission"": ""true"", ""in_delivery"": ""false""}",大象-常规-26-0328,
审批流程支持上传附件,<p></p>,5e8c9352-8553-4e87-97dc-88594010f83a,4657dc96-1572-41e3-becd-0ba3d4ff8e22,none,"[""15e4d327-6119-4941-85ac-624f7b021630""]","{""department"": ""信息技术部"", ""domestic_overseas"": ""境内"", ""center"": ""FICC交易平台中心"", ""team"": ""平台架构"", ""biz_pm"": ""姜玉珠"", ""techLead"": ""b5cf400d-4a1a-4daf-8ad7-dc33d720391c"", ""admission"": ""true"", ""in_delivery"": ""true""}",大象-常规-26-0328,
notify取消给离职用户发送报表,<p></p>,5e8c9352-8553-4e87-97dc-88594010f83a,4657dc96-1572-41e3-becd-0ba3d4ff8e22,none,"[""15e4d327-6119-4941-85ac-624f7b021630""]","{""department"": ""信息技术部"", ""domestic_overseas"": ""境内"", ""center"": ""FICC交易平台中心"", ""team"": ""平台架构"", ""biz_pm"": ""姜玉珠"", ""techLead"": ""b5cf400d-4a1a-4daf-8ad7-dc33d720391c"", ""admission"": ""true"", ""in_delivery"": ""true""}",大象-常规-26-0328,
审批监控（新）界面优化,<p></p>,5e8c9352-8553-4e87-97dc-88594010f83a,4657dc96-1572-41e3-becd-0ba3d4ff8e22,none,"[""15e4d327-6119-4941-85ac-624f7b021630""]","{""department"": ""信息技术部"", ""domestic_overseas"": ""境内"", ""center"": ""FICC交易平台中心"", ""team"": ""平台架构"", ""biz_pm"": ""姜玉珠"", ""techLead"": ""ee12bda6-18fc-4ad5-a35e-74c256781157"", ""admission"": ""true"", ""in_delivery"": ""false""}",大象-常规-26-0328,
AURORA平台优化及HAB整合,<p></p>,5e8c9352-8553-4e87-97dc-88594010f83a,4657dc96-1572-41e3-becd-0ba3d4ff8e22,none,"[""535b3838-1804-4a1f-8353-5320babd97b8""]","{""req_source"": ""FICC-91583"", ""department"": ""信息技术部"", ""domestic_overseas"": ""境内"", ""center"": ""FICC交易平台中心"", ""team"": ""策略管理"", ""biz_pm"": ""钱高翔"", ""techLead"": ""77342d2f-a6cf-4a2d-8142-2f5f84d0636a"", ""admission"": ""true"", ""in_delivery"": ""false""}",大象-常规-26-0328,FICC策略平台整合项目
配合OB字段枚举值调整,<p></p>,5e8c9352-8553-4e87-97dc-88594010f83a,4657dc96-1572-41e3-becd-0ba3d4ff8e22,none,"[""1f032804-4e24-4b85-a5d3-e57bb39f84b4""]","{""department"": ""信息技术部"", ""techLead"": ""144bf735-9e10-4029-84d0-85e3749bf5d3"", ""admission"": ""true"", ""in_delivery"": ""true""}",大象-常规-26-0328,
境外债券支持配置汇率敞口算法,<p></p>,5e8c9352-8553-4e87-97dc-88594010f83a,4657dc96-1572-41e3-becd-0ba3d4ff8e22,none,"[""9a969130-2666-4604-9326-c2b17ca09ef1""]","{""req_source"": ""FICCHEADS-1127"", ""department"": ""固定收益部"", ""domestic_overseas"": ""境内"", ""center"": ""代客业务中心"", ""biz_priority"": ""在研-优先级0"", ""delivery_content"": ""支持合约和交易流水要素批量修改"", ""techLead"": ""144bf735-9e10-4029-84d0-85e3749bf5d3""}",大象-常规-26-0425,
境外债TRS付息/资金流水自动生成,<p></p>,5e8c9352-8553-4e87-97dc-88594010f83a,4657dc96-1572-41e3-becd-0ba3d4ff8e22,none,"[""9a969130-2666-4604-9326-c2b17ca09ef1""]","{""req_source"": ""FICCHEADS-1124"", ""department"": ""固定收益部"", ""domestic_overseas"": ""境内"", ""center"": ""代客业务中心"", ""biz_priority"": ""在研-优先级0"", ""delivery_content"": ""支持境外债TRS自动生成债券付息资金流水与交易流水"", ""techLead"": ""144bf735-9e10-4029-84d0-85e3749bf5d3""}",大象-常规-26-0425,
TARF平台建设,<p></p>,5e8c9352-8553-4e87-97dc-88594010f83a,4657dc96-1572-41e3-becd-0ba3d4ff8e22,none,"[""daa28f62-9d59-4c8a-9c93-28d931e72b99""]","{""req_source"": ""FICCHEADS-1167"", ""department"": ""香港金控FICC"", ""domestic_overseas"": ""境外"", ""center"": ""代客业务中心"", ""team"": ""外汇产品团队"", ""biz_priority"": ""在研-优先级0"", ""delivery_content"": ""支持FXspot合约的估值/风险计量相关内容：\n1.Valuation Report：估值模块增加FX SPOT估值。\n2.Cash Flow List：TARF合约物理交割产生的FX SPOT合约的现金流，调用Alib结果进行展示。"", ""techLead"": ""f81bb5d7-a37c-4d34-b1fc-f92d46f5b2a8""}",大象-常规-26-0425,
港交所外汇期货做市交易系统建设需求说明书,<p></p>,5e8c9352-8553-4e87-97dc-88594010f83a,4657dc96-1572-41e3-becd-0ba3d4ff8e22,none,"[""943c1313-5035-46a0-b1e2-91e3a19546a6""]","{""req_source"": ""FICCHEADS-1180"", ""department"": ""香港金控FICC"", ""domestic_overseas"": ""境外"", ""center"": ""做市业务中心"", ""team"": ""外汇做市台"", ""biz_priority"": ""在研-优先级0"", ""delivery_content"": ""1、完成做市交易链路境外本地化部署剩余工作\n2、发trade request的时候，要加上currency字段，用于运营数据统计\n3、启动对冲侧交易链路相关功能开发"", ""techLead"": ""98cb9446-ac30-4857-9c77-644999e62d52""}",大象-常规-26-0425,
IRS交易支持对接xswap实现线上对冲,<p></p>,5e8c9352-8553-4e87-97dc-88594010f83a,4657dc96-1572-41e3-becd-0ba3d4ff8e22,none,"[""9a969130-2666-4604-9326-c2b17ca09ef1""]","{""req_source"": ""FICCHEADS-873"", ""department"": ""固定收益部"", ""domestic_overseas"": ""境内"", ""center"": ""代客业务中心"", ""biz_priority"": ""在研-优先级0"", ""delivery_content"": ""支持IRS通过xswap平台进行线上对冲"", ""techLead"": ""144bf735-9e10-4029-84d0-85e3749bf5d3""}",大象-常规-26-0425,
境外债自营风控优化需求,<p></p>,5e8c9352-8553-4e87-97dc-88594010f83a,4657dc96-1572-41e3-becd-0ba3d4ff8e22,none,"[""86316c00-0847-43a8-8176-834f264e0307""]","{""req_source"": ""FICCHEADS-1097"", ""department"": ""固定收益部"", ""domestic_overseas"": ""境内"", ""center"": ""风险合规中心"", ""team"": ""风险管理团队"", ""biz_priority"": ""在研-优先级0"", ""delivery_content"": ""支持关联SOFR和SOFR Index的浮息债风险损益计量"", ""techLead"": ""0d5d1a69-68ee-4885-9bb7-bf93e92eb4aa""}",大象-常规-26-0425,
其他债权投资和持有至到期损益计算逻辑优化,<p></p>,5e8c9352-8553-4e87-97dc-88594010f83a,4657dc96-1572-41e3-becd-0ba3d4ff8e22,none,"[""daa28f62-9d59-4c8a-9c93-28d931e72b99""]","{""req_source"": ""FICCHEADS-1136"", ""department"": ""固定收益部"", ""domestic_overseas"": ""境内"", ""center"": ""风险合规中心"", ""team"": ""风险管理团队"", ""biz_priority"": ""在研-优先级0"", ""delivery_content"": ""支持风控日报、盈亏监控等对摊余成本法计量债券的支持"", ""techLead"": ""74c21a3b-1b9b-47f2-b7ab-b8195738260d""}",大象-常规-26-0425,
监管报表-现券和回购偏离度报表完善需求V2,<p></p>,5e8c9352-8553-4e87-97dc-88594010f83a,4657dc96-1572-41e3-becd-0ba3d4ff8e22,none,"[""daa28f62-9d59-4c8a-9c93-28d931e72b99""]","{""req_source"": ""FICCHEADS-812"", ""department"": ""固定收益部"", ""domestic_overseas"": ""境内"", ""center"": ""风险合规中心"", ""team"": ""风险管理团队"", ""biz_priority"": ""在研-优先级0"", ""delivery_content"": ""支持生成偏离度月报"", ""techLead"": ""77342d2f-a6cf-4a2d-8142-2f5f84d0636a""}",大象-常规-26-0425,
债券ETF业务系统需求说明书（二期）：二级交易,<p></p>,5e8c9352-8553-4e87-97dc-88594010f83a,4657dc96-1572-41e3-becd-0ba3d4ff8e22,none,"[""86316c00-0847-43a8-8176-834f264e0307""]","{""req_source"": ""FICCHEADS-1140"", ""department"": ""固定收益部"", ""domestic_overseas"": ""境内"", ""center"": ""自营业务中心"", ""team"": ""信用交易台"", ""biz_priority"": ""在研-优先级0"", ""delivery_content"": ""1、交付风控规则：DVBP、单笔交易规模、资产持仓限额；\n2、标的池：标的池规则；\n3、月度授权：支持债券ETF的风控规则通过月度授权生成（启动开发）"", ""techLead"": ""0d5d1a69-68ee-4885-9bb7-bf93e92eb4aa""}",大象-常规-26-0425,
美国国债做市系统需求,<p></p>,5e8c9352-8553-4e87-97dc-88594010f83a,4657dc96-1572-41e3-becd-0ba3d4ff8e22,none,"[""943c1313-5035-46a0-b1e2-91e3a19546a6""]","{""req_source"": ""FICCHEADS-1189"", ""department"": ""香港金控FICC"", ""domestic_overseas"": ""境外"", ""center"": ""做市业务中心"", ""team"": ""外币债券做市台"", ""biz_priority"": ""在研-优先级0"", ""delivery_content"": ""完成需求方案设计与中心内部评审，与业务侧及对接系统方确认最终方案"", ""techLead"": ""0d5d1a69-68ee-4885-9bb7-bf93e92eb4aa""}",大象-常规-26-0425,
金控FICC期货（港交所外汇期货）前台交易簿记需求,<p></p>,5e8c9352-8553-4e87-97dc-88594010f83a,4657dc96-1572-41e3-becd-0ba3d4ff8e22,none,"[""943c1313-5035-46a0-b1e2-91e3a19546a6""]","{""req_source"": ""FICCHEADS-1194"", ""department"": ""香港金控FICC"", ""domestic_overseas"": ""境外"", ""center"": ""做市业务中心"", ""team"": ""大象平台产品团队"", ""biz_priority"": ""在研-优先级0"", ""delivery_content"": ""1、完成大象外汇期货成交数据对接Galaxy、Retina，包括日间实时成交同步与日终成交同步\n2、同步加载Abacus日初持仓数据\n3、从上游接入外汇期货彭博BBG Ticker及对应收盘价、结算价等静态数据"", ""techLead"": ""0d5d1a69-68ee-4885-9bb7-bf93e92eb4aa""}",大象-常规-26-0425,
债券增值税现金流自动生成,<p></p>,5e8c9352-8553-4e87-97dc-88594010f83a,4657dc96-1572-41e3-becd-0ba3d4ff8e22,none,"[""9a969130-2666-4604-9326-c2b17ca09ef1""]","{""req_source"": ""FICCHEADS-1149"", ""department"": ""固定收益部"", ""domestic_overseas"": ""境内"", ""center"": ""代客业务中心"", ""team"": ""宏观产品团队"", ""biz_priority"": ""在研-优先级0"", ""delivery_content"": ""1、新增增值税配置\n2、生成增值税现金流\n3、在合约维度估值中新增“未支付税费”及“已支付税费”字段，“未支付税费”计入合约价值字段\n4、盯市和风控模块感知合约价值逻辑调整\n5、“未支付税费”及“已支付税费”字段推送运营并复核"", ""techLead"": ""144bf735-9e10-4029-84d0-85e3749bf5d3""}",大象-常规-26-0425,
外币回购大象开发需求,<p></p>,5e8c9352-8553-4e87-97dc-88594010f83a,4657dc96-1572-41e3-becd-0ba3d4ff8e22,none,"[""6fe8459b-3b6b-4197-a29a-f95f2a7e20cc""]","{""req_source"": ""FICCHEADS-1197"", ""department"": ""固定收益部"", ""domestic_overseas"": ""境内"", ""center"": ""流动性管理中心"", ""team"": ""—"", ""biz_priority"": ""在研-优先级0"", ""delivery_content"": ""完成质押券数量、单笔交易金额、回购期限风控规则交付，及成交确认模块交付"", ""techLead"": ""0d5d1a69-68ee-4885-9bb7-bf93e92eb4aa""}",大象-常规-26-0425,
OCI账户持仓减值计算方案调整需求说明书,<p></p>,5e8c9352-8553-4e87-97dc-88594010f83a,4657dc96-1572-41e3-becd-0ba3d4ff8e22,none,"[""86316c00-0847-43a8-8176-834f264e0307""]","{""req_source"": ""FICCHEADS-1110"", ""department"": ""固定收益部"", ""domestic_overseas"": ""境内"", ""center"": ""自营业务中心"", ""team"": ""自营交易五台"", ""biz_priority"": ""自营业务中心优先级1"", ""delivery_content"": ""【报表团队】开发报表界面；\n基于债券持仓，提供OCI账户的减值计算报表；"", ""techLead"": ""74c21a3b-1b9b-47f2-b7ab-b8195738260d""}",大象-常规-26-0425,
大象策略管理支持配置HAB平台镜像版本,<p></p>,5e8c9352-8553-4e87-97dc-88594010f83a,4657dc96-1572-41e3-becd-0ba3d4ff8e22,none,"[""535b3838-1804-4a1f-8353-5320babd97b8""]","{""req_source"": ""FICCHEADS-1203"", ""department"": ""固定收益部"", ""domestic_overseas"": ""境内"", ""center"": ""科技研发中心"", ""team"": ""量化研发团队"", ""biz_priority"": ""科技研发中心"", ""delivery_content"": ""非生产环境支持选择镜像版本，支持选择生产环境镜像版本"", ""techLead"": ""77342d2f-a6cf-4a2d-8142-2f5f84d0636a""}",大象-常规-26-0425,
债券借贷直联本币上行,<p></p>,5e8c9352-8553-4e87-97dc-88594010f83a,4657dc96-1572-41e3-becd-0ba3d4ff8e22,none,"[""6fe8459b-3b6b-4197-a29a-f95f2a7e20cc""]","{""req_source"": ""IT需求申请央20251028572539-1"", ""department"": ""中央交易室"", ""domestic_overseas"": ""境内"", ""biz_priority"": ""在研-优先级0"", ""delivery_content"": ""持续交易链路开发工作"", ""techLead"": ""0d5d1a69-68ee-4885-9bb7-bf93e92eb4aa""}",大象-常规-26-0425,
外币拆借业务模块开发,<p></p>,5e8c9352-8553-4e87-97dc-88594010f83a,4657dc96-1572-41e3-becd-0ba3d4ff8e22,none,"[""6fe8459b-3b6b-4197-a29a-f95f2a7e20cc""]","{""req_source"": ""IT需求申请资运20251224590060-9"", ""department"": ""资金运营部"", ""domestic_overseas"": ""境内"", ""biz_priority"": ""在研-优先级0"", ""delivery_content"": ""完成上行接口对接，并完成验收"", ""techLead"": ""0d5d1a69-68ee-4885-9bb7-bf93e92eb4aa""}",大象-常规-26-0425,
交易所回购量化策略（从基础到进阶）,<p></p>,5e8c9352-8553-4e87-97dc-88594010f83a,4657dc96-1572-41e3-becd-0ba3d4ff8e22,none,"[""daa28f62-9d59-4c8a-9c93-28d931e72b99""]","{""req_source"": ""IT需求申请资运20251224590060-4"", ""department"": ""资金运营部"", ""domestic_overseas"": ""境内"", ""biz_priority"": ""在研-优先级0"", ""delivery_content"": ""支持目标一的研究"", ""techLead"": ""74c21a3b-1b9b-47f2-b7ab-b8195738260d""}",大象-常规-26-0425,
关于风险数据集市采集固收Cube和大象系统场外业务数据的需求,<p></p>,5e8c9352-8553-4e87-97dc-88594010f83a,4657dc96-1572-41e3-becd-0ba3d4ff8e22,none,"[""9a969130-2666-4604-9326-c2b17ca09ef1""]","{""req_source"": ""IT需求申请风20250905559247"", ""department"": ""风险管理部"", ""domestic_overseas"": ""境内"", ""biz_priority"": ""在研-优先级0"", ""delivery_content"": ""提供大象系统手工簿记行情、收益互换定义文件、预付金账户配置、保证金参数、盯市配置、交易簿参数、簿记复核状态变更等数据"", ""techLead"": ""b5cf400d-4a1a-4daf-8ad7-dc33d720391c""}",大象-常规-26-0425,
对接彭博交易日历和结算日历,<p></p>,5e8c9352-8553-4e87-97dc-88594010f83a,4657dc96-1572-41e3-becd-0ba3d4ff8e22,none,"[""535b3838-1804-4a1f-8353-5320babd97b8""]","{""req_source"": ""内部优化"", ""department"": ""信息技术部"", ""domestic_overseas"": ""境内"", ""delivery_content"": ""完成资讯彭博交易日历和结算日历的对接，完成并行并替换"", ""techLead"": ""98cb9446-ac30-4857-9c77-644999e62d52""}",大象-常规-26-0425,
O45迁移+交易所固收平台切换至互联网平台,<p></p>,5e8c9352-8553-4e87-97dc-88594010f83a,4657dc96-1572-41e3-becd-0ba3d4ff8e22,none,"[""86316c00-0847-43a8-8176-834f264e0307""]","{""department"": ""信息技术部"", ""domestic_overseas"": ""境内"", ""delivery_content"": ""点击成交、协商成交下单接口等调整；"", ""techLead"": ""0d5d1a69-68ee-4885-9bb7-bf93e92eb4aa""}",大象-常规-26-0425,
智能BI项目POC,<p></p>,5e8c9352-8553-4e87-97dc-88594010f83a,4657dc96-1572-41e3-becd-0ba3d4ff8e22,none,"[""b5cf400d-4a1a-4daf-8ad7-dc33d720391c""]","{""department"": ""信息技术部"", ""domestic_overseas"": ""境内"", ""center"": ""FICC交易平台中心"", ""team"": ""平台架构"", ""techLead"": ""b5cf400d-4a1a-4daf-8ad7-dc33d720391c""}",大象-常规-26-0425,
LAMP持续优化,<p></p>,5e8c9352-8553-4e87-97dc-88594010f83a,4657dc96-1572-41e3-becd-0ba3d4ff8e22,none,"[""1f032804-4e24-4b85-a5d3-e57bb39f84b4""]","{""department"": ""信息技术部"", ""domestic_overseas"": ""境内"", ""delivery_content"": ""完成LAMP功能优化"", ""techLead"": ""74c21a3b-1b9b-47f2-b7ab-b8195738260d""}",大象-常规-26-0425,
境外期货交易下单支持BBG Ticker下单,<p></p>,5e8c9352-8553-4e87-97dc-88594010f83a,4657dc96-1572-41e3-becd-0ba3d4ff8e22,none,"[""8baed4ad-64c0-4922-b4bb-e9d77a865fd7""]","{""department"": ""信息技术部"", ""domestic_overseas"": ""境外"", ""team"": ""大象平台产品团队"", ""delivery_content"": ""支持境外期货通过彭博代码进行下单"", ""techLead"": ""ee12bda6-18fc-4ad5-a35e-74c256781157""}",大象-常规-26-0425,
优化境外期货交易链路静态数据的对接方式,<p></p>,5e8c9352-8553-4e87-97dc-88594010f83a,4657dc96-1572-41e3-becd-0ba3d4ff8e22,none,"[""b0c16d7f-e6db-46ed-b34e-ff2059b1c211""]","{""req_source"": ""内部优化"", ""department"": ""信息技术部"", ""domestic_overseas"": ""境外"", ""team"": ""大象平台产品团队"", ""delivery_content"": ""完成上游数据数据分析，评估RDS改动方案"", ""techLead"": ""98cb9446-ac30-4857-9c77-644999e62d52""}",大象-常规-26-0425,
除IRD集群、Turingx集群外所有集群迁移job_manager,<p></p>,5e8c9352-8553-4e87-97dc-88594010f83a,4657dc96-1572-41e3-becd-0ba3d4ff8e22,none,"[""535b3838-1804-4a1f-8353-5320babd97b8""]","{""req_source"": ""内部优化"", ""department"": ""信息技术部"", ""domestic_overseas"": ""境内"", ""delivery_content"": ""完成除IRD集群和Turingx集群外所有集群迁移job_manager"", ""techLead"": ""77342d2f-a6cf-4a2d-8142-2f5f84d0636a""}",大象-常规-26-0425,
CBOT交易所期权日终行情维护,<p></p>,5e8c9352-8553-4e87-97dc-88594010f83a,4657dc96-1572-41e3-becd-0ba3d4ff8e22,none,"[""535b3838-1804-4a1f-8353-5320babd97b8""]","{""req_source"": ""内部优化"", ""department"": ""信息技术部"", ""domestic_overseas"": ""境内"", ""delivery_content"": ""完成CBOT结算价和收盘价维护"", ""techLead"": ""98cb9446-ac30-4857-9c77-644999e62d52""}",大象-常规-26-0425,
GP数据库交易所回购历史数据同步到DDB数据库,<p></p>,5e8c9352-8553-4e87-97dc-88594010f83a,4657dc96-1572-41e3-becd-0ba3d4ff8e22,none,"[""535b3838-1804-4a1f-8353-5320babd97b8""]","{""req_source"": ""内部优化"", ""department"": ""信息技术部"", ""domestic_overseas"": ""境内"", ""delivery_content"": ""GP数据库交易所回购历史数据同步到DDB数据库"", ""techLead"": ""77342d2f-a6cf-4a2d-8142-2f5f84d0636a""}",大象-常规-26-0425,
场外期权入池场景技术优化,<p></p>,5e8c9352-8553-4e87-97dc-88594010f83a,4657dc96-1572-41e3-becd-0ba3d4ff8e22,none,"[""535b3838-1804-4a1f-8353-5320babd97b8""]","{""req_source"": ""内部优化"", ""department"": ""固定收益部"", ""domestic_overseas"": ""境内"", ""center"": ""代客业务中心"", ""delivery_content"": ""优化场外期权数量过多导致入池失败的场景"", ""techLead"": ""98cb9446-ac30-4857-9c77-644999e62d52""}",大象-常规-26-0425,
审批监控（新）支持显示流程待办,<p></p>,5e8c9352-8553-4e87-97dc-88594010f83a,4657dc96-1572-41e3-becd-0ba3d4ff8e22,none,"[""15e4d327-6119-4941-85ac-624f7b021630""]","{""department"": ""固定收益部"", ""domestic_overseas"": ""境内"", ""team"": ""合规风控台"", ""delivery_content"": ""审批监控（新）界面，支持默认显示全部未审批流程，减少业务查找找审批流程的时间"", ""techLead"": ""ee12bda6-18fc-4ad5-a35e-74c256781157""}",大象-常规-26-0425,
授权流程迁移,<p></p>,5e8c9352-8553-4e87-97dc-88594010f83a,4657dc96-1572-41e3-becd-0ba3d4ff8e22,none,"[""15e4d327-6119-4941-85ac-624f7b021630""]","{""department"": ""固定收益部"", ""domestic_overseas"": ""境内"", ""team"": ""合规风控台"", ""delivery_content"": ""固收自营授权流程迁移，启动授权流程的后端服务迁移，从老流程平台迁移到新流程平台"", ""techLead"": ""b5cf400d-4a1a-4daf-8ad7-dc33d720391c""}",大象-常规-26-0425,
选择角色界面优化,<p></p>,5e8c9352-8553-4e87-97dc-88594010f83a,4657dc96-1572-41e3-becd-0ba3d4ff8e22,none,"[""15e4d327-6119-4941-85ac-624f7b021630""]","{""department"": ""固定收益部"", ""domestic_overseas"": ""境内"", ""team"": ""合规风控台"", ""delivery_content"": ""1、选择角色的弹窗中，不展示已选中的角色\n2、选择角色的弹窗中，角色id的展示逻辑和界面角色的显示逻辑保持一致"", ""techLead"": ""b5cf400d-4a1a-4daf-8ad7-dc33d720391c""}",大象-常规-26-0425,
冻结用户无法作为审批人进行审批,<p></p>,5e8c9352-8553-4e87-97dc-88594010f83a,4657dc96-1572-41e3-becd-0ba3d4ff8e22,none,"[""15e4d327-6119-4941-85ac-624f7b021630""]","{""department"": ""固定收益部"", ""domestic_overseas"": ""境内"", ""team"": ""合规风控台"", ""delivery_content"": ""流程模板配置界面，无法选择冻结用户作为审批人"", ""techLead"": ""b5cf400d-4a1a-4daf-8ad7-dc33d720391c""}",大象-常规-26-0425,
反洗钱异常提醒优化,<p></p>,5e8c9352-8553-4e87-97dc-88594010f83a,4657dc96-1572-41e3-becd-0ba3d4ff8e22,none,"[""1f032804-4e24-4b85-a5d3-e57bb39f84b4""]","{""req_source"": ""内部优化"", ""department"": ""固定收益部"", ""domestic_overseas"": ""境内"", ""delivery_content"": ""1.夜间回溯反洗钱提醒增加铃客提醒\n2. 系统内提醒的过期时间改为72小时""}",大象-常规-26-0425,
监控报表明细优化,<p></p>,5e8c9352-8553-4e87-97dc-88594010f83a,4657dc96-1572-41e3-becd-0ba3d4ff8e22,none,"[""daa28f62-9d59-4c8a-9c93-28d931e72b99""]","{""req_source"": ""内部优化"", ""department"": ""固定收益部"", ""domestic_overseas"": ""境内"", ""center"": ""风控合规中心"", ""team"": ""合规风控台"", ""delivery_content"": ""自营监管-利率互换明细表增加列：外部成交编号"", ""techLead"": ""74c21a3b-1b9b-47f2-b7ab-b8195738260d""}",大象-常规-26-0425,
监控报表明细优化,<p></p>,5e8c9352-8553-4e87-97dc-88594010f83a,4657dc96-1572-41e3-becd-0ba3d4ff8e22,none,"[""daa28f62-9d59-4c8a-9c93-28d931e72b99""]","{""req_source"": ""内部优化"", ""department"": ""固定收益部"", ""domestic_overseas"": ""境内"", ""center"": ""代客业务中心"", ""team"": ""客需交易台"", ""delivery_content"": ""新增三位投资经理名章"", ""techLead"": ""144bf735-9e10-4029-84d0-85e3749bf5d3""}",大象-常规-26-0425,
场外运营侧内部优化,<p></p>,5e8c9352-8553-4e87-97dc-88594010f83a,4657dc96-1572-41e3-becd-0ba3d4ff8e22,none,"[""9a969130-2666-4604-9326-c2b17ca09ef1""]","{""req_source"": ""内部优化"", ""department"": ""信息技术部"", ""domestic_overseas"": ""境内"", ""center"": ""代客业务中心"", ""delivery_content"": ""1、运营侧批量分仓导入模板增加标的、交易方向、开平方向\n2、交易工作台我的关注增加报价的买入和卖出量\n3、在“标的管理”-“标的信息管理”中，“标的列表”的最右侧“操作”列中增加“入池申请”功能，点击后弹出标的入池申请窗口。"", ""techLead"": ""144bf735-9e10-4029-84d0-85e3749bf5d3""}",大象-常规-26-0425,
场外对客客户端内部优化,<p></p>,5e8c9352-8553-4e87-97dc-88594010f83a,4657dc96-1572-41e3-becd-0ba3d4ff8e22,none,"[""9a969130-2666-4604-9326-c2b17ca09ef1""]","{""req_source"": ""内部优化"", ""department"": ""信息技术部"", ""domestic_overseas"": ""境内"", ""center"": ""代客业务中心"", ""delivery_content"": ""场外对客平台支持客户配置期货互换、权益互换、债券互换等各个交易页面可选择的book，从而实现book的定制展示，新增book默认展示状态。"", ""techLead"": ""144bf735-9e10-4029-84d0-85e3749bf5d3""}",大象-常规-26-0425,
港交所外汇期货做市交易系统建设需求说明书,<p></p>,5e8c9352-8553-4e87-97dc-88594010f83a,4657dc96-1572-41e3-becd-0ba3d4ff8e22,none,"[""943c1313-5035-46a0-b1e2-91e3a19546a6""]","{""req_source"": ""FICCHEADS-1180"", ""department"": ""香港金控FICC"", ""domestic_overseas"": ""境外"", ""category_l1"": ""外汇"", ""category_l2"": ""外汇期货"", ""category_l3"": ""交易链路"", ""center"": ""做市业务中心"", ""team"": ""外汇做市台"", ""biz_pm"": ""赵鸿达"", ""biz_priority"": ""在研-优先级0"", ""estimated_iteration"": ""预计0704迭代完成交付"", ""delivery_content"": ""启动对冲交易链路相关功能开发，完成FSS平台外部对接和联调工作。"", ""techLead"": ""98cb9446-ac30-4857-9c77-644999e62d52"", ""admission"": ""true"", ""in_delivery"": ""true""}",大象-常规-26-0523,【海外交易能力建设】香港外汇期货做市项目
债券ETF业务系统需求说明书（二期）：二级交易,<p>实现债券ETF交易链路建设中二级交易功能。</p>,5e8c9352-8553-4e87-97dc-88594010f83a,4657dc96-1572-41e3-becd-0ba3d4ff8e22,none,"[""86316c00-0847-43a8-8176-834f264e0307""]","{""req_source"": ""FICCHEADS-1140"", ""department"": ""固定收益部"", ""domestic_overseas"": ""境内"", ""category_l1"": ""基金"", ""category_l2"": ""债券ETF"", ""category_l3"": ""交易链路"", ""center"": ""自营业务中心"", ""team"": ""信用交易台"", ""biz_pm"": ""韩玲"", ""biz_priority"": ""在研-优先级0"", ""estimated_iteration"": ""预计0704迭代之后完成交付"", ""delivery_content"": ""一、交易链路部分\n1、出入池流程；\n2、月度授权；\n二、风险管理部分\n期限风险、风控总览、盈亏监控、归因运行、自营日报、资金成本适配"", ""techLead"": ""0d5d1a69-68ee-4885-9bb7-bf93e92eb4aa"", ""admission"": ""true"", ""in_delivery"": ""true""}",大象-常规-26-0523,
美国国债做市系统需求,<p>1. 对冲端连接城堡基金接口， 接入对冲端渠道的行情信息</p><p>2. 报价端连接彭博等渠道，策略报价能够报至ALLQ等渠道</p><p>3. 大象报价面板支持进行对美国国债的策略报价和策略对冲平盘</p><p>4. 大象询价回复面板和类似功能支持进行客户询价的策略/人工询价回复</p><p>5. 支持查询订单、成交、持仓、PnL、风险等相关报表信息</p>,5e8c9352-8553-4e87-97dc-88594010f83a,4657dc96-1572-41e3-becd-0ba3d4ff8e22,none,"[""943c1313-5035-46a0-b1e2-91e3a19546a6""]","{""req_source"": ""FICCHEADS-1189"", ""department"": ""香港金控FICC"", ""domestic_overseas"": ""境外"", ""category_l1"": ""债券"", ""category_l2"": ""美国国债"", ""category_l3"": ""交易链路"", ""center"": ""做市业务中心"", ""team"": ""外币债券做市台"", ""biz_pm"": ""韩玲"", ""biz_priority"": ""在研-优先级0"", ""estimated_iteration"": ""预计0704迭代之后完成交付"", ""delivery_content"": ""启动彭博对客报价相关功能开发、完成城堡证券报价行情接入、解析，以及与彭博报价接口对接工作。"", ""techLead"": ""0d5d1a69-68ee-4885-9bb7-bf93e92eb4aa"", ""admission"": ""true"", ""in_delivery"": ""true""}",大象-常规-26-0523,
金控FICC期货（港交所外汇期货）前台交易簿记需求,<p>本需求为前台交易簿记需求，针对港交所外汇期货所涉及的前台交易簿记，拟进行整体建设，包括交易簿记、持仓管理、风险管理、估值模型及现金流计算、账户管理等。</p>,5e8c9352-8553-4e87-97dc-88594010f83a,4657dc96-1572-41e3-becd-0ba3d4ff8e22,none,"[""943c1313-5035-46a0-b1e2-91e3a19546a6""]","{""req_source"": ""FICCHEADS-1194"", ""department"": ""香港金控FICC"", ""domestic_overseas"": ""境外"", ""category_l1"": ""期货"", ""category_l2"": ""外汇期货"", ""category_l3"": ""交易簿记"", ""center"": ""做市业务中心"", ""team"": ""大象平台产品团队"", ""biz_pm"": ""赵鸿达"", ""biz_priority"": ""在研-优先级0"", ""estimated_iteration"": ""预计0704迭代之后完成交付"", ""delivery_content"": ""1、启动风险指标监控功能开发，实现事后风险指标实时计算与展示。\n2、启动损益、估值、Delta等相关功能开发，完成组合综合监控和敏感度监控功能基本框架搭建。\n3、成交数据同步给Retina"", ""techLead"": ""0d5d1a69-68ee-4885-9bb7-bf93e92eb4aa"", ""admission"": ""true"", ""in_delivery"": ""true""}",大象-常规-26-0523,
外币回购大象开发需求,<p>新开发外币回购业务模块，但需求目前还在审核，尚未提交</p>,5e8c9352-8553-4e87-97dc-88594010f83a,4657dc96-1572-41e3-becd-0ba3d4ff8e22,none,"[""6fe8459b-3b6b-4197-a29a-f95f2a7e20cc""]","{""req_source"": ""FICCHEADS-1197"", ""department"": ""固定收益部"", ""domestic_overseas"": ""境内"", ""category_l1"": ""回购"", ""category_l2"": ""外币回购"", ""category_l3"": ""交易链路"", ""center"": ""流动性管理中心"", ""team"": ""—"", ""biz_pm"": ""韩玲"", ""biz_priority"": ""在研-优先级0"", ""estimated_iteration"": ""预计0704迭代之后完成交付"", ""delivery_content"": ""交付下单页面相关计算及下单事前校验（足额抵押校验、质押券总额校验（前端判断）、回购额度校验、单月到期规模校验）"", ""techLead"": ""0d5d1a69-68ee-4885-9bb7-bf93e92eb4aa"", ""admission"": ""true"", ""in_delivery"": ""true""}",大象-常规-26-0523,
OCI账户持仓减值计算方案调整需求说明书,<p>对以摊余成本计量的债券、以公允价值计量且其变动计入其他综合收益的债券的减值计算方法进行调整。</p>,5e8c9352-8553-4e87-97dc-88594010f83a,4657dc96-1572-41e3-becd-0ba3d4ff8e22,none,"[""86316c00-0847-43a8-8176-834f264e0307""]","{""req_source"": ""FICCHEADS-1110"", ""department"": ""固定收益部"", ""domestic_overseas"": ""境内"", ""category_l1"": ""综合"", ""category_l2"": ""风险管理"", ""category_l3"": ""账户管理"", ""center"": ""自营业务中心"", ""team"": ""自营交易五台"", ""biz_pm"": ""赵鸿达"", ""biz_priority"": ""在研-优先级0"", ""estimated_iteration"": ""预计0523迭代完成交付"", ""delivery_content"": ""OCI账户债券减值报表"", ""remarks"": ""牵头技术负责人在【3月20日】已确认"", ""techLead"": ""74c21a3b-1b9b-47f2-b7ab-b8195738260d"", ""admission"": ""true"", ""in_delivery"": ""true""}",大象-常规-26-0523,
OCI账户报表需求,<p>针对OCI账户下的持仓，因计算方式和其他账户不同，支持相关字段的计算及展示以及报表查询导出功能。</p>,5e8c9352-8553-4e87-97dc-88594010f83a,4657dc96-1572-41e3-becd-0ba3d4ff8e22,none,"[""daa28f62-9d59-4c8a-9c93-28d931e72b99""]","{""req_source"": ""FICCHEADS-1193"", ""department"": ""固定收益部"", ""domestic_overseas"": ""境内"", ""category_l1"": ""债券"", ""category_l2"": ""债券"", ""category_l3"": ""交易后"", ""center"": ""自营业务中心"", ""biz_pm"": ""吴凡"", ""biz_priority"": ""自营业务中心1"", ""estimated_iteration"": ""预计0613迭代完成交付"", ""delivery_content"": ""1、完成OCI类持仓的指标计量与日间监控；\n2、支持日终报表的生成和推送"", ""remarks"": ""牵头技术负责人在【3月20日】已确认"", ""techLead"": ""74c21a3b-1b9b-47f2-b7ab-b8195738260d"", ""admission"": ""true"", ""in_delivery"": ""true""}",大象-常规-26-0523,
股指期货预埋触发单功能（重提）,<p>大象支持时间条件、价格条件等智能条件算法</p>,5e8c9352-8553-4e87-97dc-88594010f83a,4657dc96-1572-41e3-becd-0ba3d4ff8e22,none,"[""535b3838-1804-4a1f-8353-5320babd97b8""]","{""req_source"": ""FICCHEADS-1175"", ""department"": ""固定收益部"", ""domestic_overseas"": ""境内"", ""category_l1"": ""期货"", ""category_l2"": ""股指期货"", ""category_l3"": ""交易链路"", ""center"": ""自营业务中心"", ""team"": ""自营交易七台"", ""biz_pm"": ""武晨宇"", ""biz_priority"": ""自营业务中心2"", ""estimated_iteration"": ""预计0704迭代完成交付"", ""delivery_content"": ""1.完成与业务产品方案沟通确认\n2.后端完成新策略框架准备"", ""remarks"": ""牵头技术负责人在【3月20日】已确认"", ""techLead"": ""77342d2f-a6cf-4a2d-8142-2f5f84d0636a"", ""admission"": ""true"", ""in_delivery"": ""true""}",大象-常规-26-0523,
商品期权做市大象相关组合管理、风险建设需求,<p>为配合使用自主研发的低延时商品期权做市系统（xtrader）替代同余这一外采系统，提升交易性能与响应效率，我们提出大象相关组合管理、风险建设需求。</p><p>本需求包括配合商品期权做市开展所涉及大象系统的用户权限管理、风险参数配置、成交以及组合风险分析相关的数据同步与报表计算展示等内容</p>,5e8c9352-8553-4e87-97dc-88594010f83a,4657dc96-1572-41e3-becd-0ba3d4ff8e22,none,"[""14b265fe-200d-46aa-8e25-66f57a1e130d""]","{""req_source"": ""FICCHEADS-1192"", ""department"": ""固定收益部"", ""domestic_overseas"": ""境内"", ""category_l1"": ""期权"", ""category_l2"": ""商品期权"", ""category_l3"": ""交易链路"", ""center"": ""做市业务中心"", ""team"": ""利率衍生品交易台"", ""biz_pm"": ""武晨宇"", ""biz_priority"": ""做市业务中心1"", ""techLead"": ""0d5d1a69-68ee-4885-9bb7-bf93e92eb4aa"", ""admission"": ""true"", ""in_delivery"": ""true""}",大象-常规-26-0523,
国债期货做市业务监控提醒功能需求,<p>新增大象系统对国债期货合约实时参与率不足的弹窗提醒和铃客消息提醒。</p>,5e8c9352-8553-4e87-97dc-88594010f83a,4657dc96-1572-41e3-becd-0ba3d4ff8e22,none,"[""943c1313-5035-46a0-b1e2-91e3a19546a6""]","{""req_source"": ""FICCHEADS-1151"", ""department"": ""固定收益部"", ""domestic_overseas"": ""境内"", ""category_l1"": ""期货"", ""category_l2"": ""国债期货"", ""category_l3"": ""做市义务监控"", ""center"": ""做市业务中心"", ""team"": ""本币做市台"", ""biz_pm"": ""韩玲"", ""biz_priority"": ""做市业务中心2"", ""estimated_iteration"": ""本迭代无法启动后续重新排期"", ""techLead"": ""0d5d1a69-68ee-4885-9bb7-bf93e92eb4aa"", ""admission"": ""true"", ""in_delivery"": ""false""}",大象-常规-26-0523,
多资产组合交易功能开发需求,<p>多资产组合交易是指客户同时交易场外期权和收益互换等资产组合的交易场景。平台支持业务人员配置客户组合交易簿，并支持组合实时风险盯市、交易事前风控、资金管理及出入金推送运营等功能，</p>,5e8c9352-8553-4e87-97dc-88594010f83a,4657dc96-1572-41e3-becd-0ba3d4ff8e22,none,"[""9a969130-2666-4604-9326-c2b17ca09ef1""]","{""req_source"": ""FICCHEADS-1188"", ""department"": ""固定收益部"", ""domestic_overseas"": ""境内"", ""category_l1"": ""场外衍生品"", ""category_l2"": ""多资产"", ""category_l3"": ""场外"", ""center"": ""代客业务中心"", ""biz_pm"": ""褚悦珊"", ""biz_priority"": ""代客业务中心1"", ""techLead"": ""144bf735-9e10-4029-84d0-85e3749bf5d3"", ""admission"": ""true"", ""in_delivery"": ""true""}",大象-常规-26-0523,
收益互换支持挂钩加拿大多伦多交易所和美国BATS交易所权益品种,<p>为满足客户交易需求，场外衍生品平台收益互换新增支持美国BATS证券交易所、加拿大多伦多证券交易所的权益品种，以上交易适用目前场外衍生品平台的风控规则（包括实时和日终风控），并支持合约自动生成、估值、实时/日终盯市等合约全生命周期管理</p>,5e8c9352-8553-4e87-97dc-88594010f83a,4657dc96-1572-41e3-becd-0ba3d4ff8e22,none,"[""9a969130-2666-4604-9326-c2b17ca09ef1""]","{""req_source"": ""FICCHEADS-1184"", ""department"": ""固定收益部"", ""domestic_overseas"": ""境内"", ""category_l1"": ""场外衍生品"", ""category_l2"": ""场外收益互换"", ""category_l3"": ""交易链路"", ""center"": ""代客业务中心"", ""team"": ""多资产创新产品团队"", ""biz_pm"": ""褚悦珊"", ""biz_priority"": ""代客业务中心2"", ""techLead"": ""144bf735-9e10-4029-84d0-85e3749bf5d3"", ""admission"": ""true"", ""in_delivery"": ""true""}",大象-常规-26-0523,
支持产品更换管理人功能,<p>在年度资质更新场景支持前端增加产品切换管理人/管理人平移的选项，系统不固定管理人ECIFID，根据流程中填写的管理人重新派发ID。办结后系统更新产品所属管理人的关系。</p>,5e8c9352-8553-4e87-97dc-88594010f83a,4657dc96-1572-41e3-becd-0ba3d4ff8e22,none,"[""1f032804-4e24-4b85-a5d3-e57bb39f84b4""]","{""req_source"": ""FICCHEADS-983"", ""department"": ""固定收益部"", ""domestic_overseas"": ""境内"", ""category_l1"": ""综合"", ""category_l2"": ""销售业务"", ""category_l3"": ""销售管理"", ""center"": ""销售业务中心"", ""team"": ""代客销售团队"", ""biz_pm"": ""陈思宇"", ""biz_priority"": ""销售业务中心1"", ""estimated_iteration"": ""本迭代无法启动后续重新排期"", ""remarks"": ""依赖OB评估方案和排期"", ""techLead"": ""144bf735-9e10-4029-84d0-85e3749bf5d3"", ""admission"": ""true"", ""in_delivery"": ""false""}",大象-常规-26-0523,
客户白名单对接合规部明辨系统需求,<p>支持获取基金业协会定期公布的产品规模不满足1000万元的产品列表，与当前场外衍生品客户白名单进行匹对，若匹对成功，则将该客户自动移出白名单，同时给对接销售，销售管理员，以及对应的产品人员发送铃客提醒。</p>,5e8c9352-8553-4e87-97dc-88594010f83a,4657dc96-1572-41e3-becd-0ba3d4ff8e22,none,"[""1f032804-4e24-4b85-a5d3-e57bb39f84b4""]","{""req_source"": ""FICCHEADS-832"", ""department"": ""固定收益部"", ""domestic_overseas"": ""境内"", ""category_l1"": ""综合"", ""category_l2"": ""销售业务"", ""category_l3"": ""客户准入"", ""center"": ""销售业务中心"", ""team"": ""代客销售团队"", ""biz_pm"": ""陈思宇"", ""biz_priority"": ""销售业务中心2"", ""techLead"": ""144bf735-9e10-4029-84d0-85e3749bf5d3"", ""admission"": ""true""}",大象-常规-26-0523,
支持统一尽调预审功能及审核人员修正录入错误功能建设需求,<p>大象销售平台新增预审流程发起入口，内嵌OB预审界面，并根据当前审批情况给销售人员触发相应待办任务，对于预审流程中的证照材料问题支持修正录入。</p>,5e8c9352-8553-4e87-97dc-88594010f83a,4657dc96-1572-41e3-becd-0ba3d4ff8e22,none,"[""1f032804-4e24-4b85-a5d3-e57bb39f84b4""]","{""req_source"": ""FICCHEADS-885"", ""department"": ""固定收益部"", ""domestic_overseas"": ""境内"", ""category_l1"": ""综合"", ""category_l2"": ""销售业务"", ""category_l3"": ""客户准入"", ""center"": ""销售业务中心"", ""team"": ""代客销售团队"", ""biz_pm"": ""陈思宇"", ""biz_priority"": ""销售业务中心3"", ""estimated_iteration"": ""本迭代无法启动后续重新排期"", ""remarks"": ""需求需要澄清，OB目前没有资源配合"", ""techLead"": ""144bf735-9e10-4029-84d0-85e3749bf5d3"", ""admission"": ""false"", ""in_delivery"": ""false""}",大象-常规-26-0523,
票据业务持仓占用规则调整,<p>将票据业务持仓额度占用纳入固收常规限额体系内。</p>,5e8c9352-8553-4e87-97dc-88594010f83a,4657dc96-1572-41e3-becd-0ba3d4ff8e22,none,"[""6fe8459b-3b6b-4197-a29a-f95f2a7e20cc""]","{""req_source"": ""FICCHEADS-955"", ""department"": ""固定收益部"", ""domestic_overseas"": ""境内"", ""category_l1"": ""票据"", ""category_l2"": ""转贴现和正回购"", ""category_l3"": ""交易链路"", ""center"": ""流动性管理中心"", ""biz_pm"": ""韩玲"", ""biz_priority"": ""流动性管理中心1"", ""estimated_iteration"": ""预计0523迭代完成交付"", ""delivery_content"": ""交付主体持仓限额、单券持仓限额风控规则"", ""techLead"": ""0d5d1a69-68ee-4885-9bb7-bf93e92eb4aa"", ""admission"": ""true"", ""in_delivery"": ""true""}",大象-常规-26-0523,
票据支持部分成交场景,<p>支持中央交易室执行人员在交易执行环节反馈部分成交的场景，由交易员确认成交后更新可用额度</p>,5e8c9352-8553-4e87-97dc-88594010f83a,4657dc96-1572-41e3-becd-0ba3d4ff8e22,none,"[""6fe8459b-3b6b-4197-a29a-f95f2a7e20cc""]","{""req_source"": ""FICCHEADS-1177"", ""department"": ""固定收益部"", ""domestic_overseas"": ""境内"", ""category_l1"": ""票据"", ""category_l2"": ""票据"", ""category_l3"": ""交易后"", ""center"": ""流动性管理中心"", ""biz_pm"": ""韩玲"", ""biz_priority"": ""流动性管理中心2"", ""estimated_iteration"": ""本迭代无法启动后续重新排期"", ""techLead"": ""0d5d1a69-68ee-4885-9bb7-bf93e92eb4aa"", ""admission"": ""true"", ""in_delivery"": ""false""}",大象-常规-26-0523,
集中债券借贷系统需求,<p>1、实现集中债券借贷在大象系统的交易链路；</p><p>2、实现包括中央券池中债券管理、库存查询、存续期管理等相关报表的自动统计。</p>,5e8c9352-8553-4e87-97dc-88594010f83a,4657dc96-1572-41e3-becd-0ba3d4ff8e22,none,"[""6fe8459b-3b6b-4197-a29a-f95f2a7e20cc""]","{""req_source"": ""FICCHEADS-1199"", ""department"": ""固定收益部"", ""domestic_overseas"": ""境内"", ""category_l1"": ""债券"", ""category_l2"": ""债券借贷"", ""category_l3"": ""交易链路"", ""center"": ""流动性管理中心"", ""team"": ""融资台"", ""biz_pm"": ""韩玲"", ""biz_priority"": ""流动性管理中心3"", ""estimated_iteration"": ""本迭代无法启动后续重新排期"", ""techLead"": ""0d5d1a69-68ee-4885-9bb7-bf93e92eb4aa"", ""admission"": ""true"", ""in_delivery"": ""false""}",大象-常规-26-0523,
REITs品种在大象展示及查询,<p>目前，REITs品种已在O32/O45系统中进行相关簿记。为实现REITs品种的统一管理与风险监控，大象系统每日日初同步衡泰和O32的持仓数据时，需将Reits品种的持仓数据纳入，并实现在持仓管理、授权额度管理、盈亏监控等界面进行持仓展示、限额占用和损益计算，以支持集中化的监控与决策。</p>,5e8c9352-8553-4e87-97dc-88594010f83a,4657dc96-1572-41e3-becd-0ba3d4ff8e22,none,"[""daa28f62-9d59-4c8a-9c93-28d931e72b99""]","{""req_source"": ""FICCHEADS-1202"", ""department"": ""固定收益部"", ""domestic_overseas"": ""境内"", ""category_l1"": ""综合"", ""category_l2"": ""风险管理"", ""category_l3"": ""风险管理"", ""center"": ""风险合规中心"", ""team"": ""风险管理团队"", ""biz_pm"": ""王逸"", ""biz_priority"": ""风险合规中心1"", ""delivery_content"": ""交易链路持仓接入相关工作：\n1、RDS：提供REITs基金子类的分类；\n2、持仓：对接O45接入REITs日初持仓；\n3、成交：对接O45接入REITs日间成交（非大象直连下单）；"", ""remarks"": ""待交易链路评估工作量；"", ""techLead"": ""74c21a3b-1b9b-47f2-b7ab-b8195738260d"", ""admission"": ""true"", ""in_delivery"": ""false""}",大象-常规-26-0523,
关于CAMS评级数据批量查询功能的开发,<p>该需求的核心开发为，新建一个独立界面以满足CAMS评级数据批量查询的功能，该界面置于Headsbos中的“证券池管理”下属即可。数据范围为CAMS每日推送的全量债券池数据，相应的数据不做是否评级有效的筛选，只将CAMS债券池的全部数据于此界面展示。功能界面权限设定为风险管理团队全员。</p>,5e8c9352-8553-4e87-97dc-88594010f83a,4657dc96-1572-41e3-becd-0ba3d4ff8e22,none,"[""1f032804-4e24-4b85-a5d3-e57bb39f84b4""]","{""req_source"": ""FICCHEADS-1200"", ""department"": ""固定收益部"", ""domestic_overseas"": ""境内"", ""category_l1"": ""综合"", ""category_l2"": ""风险管理"", ""category_l3"": ""信用风险"", ""center"": ""风险合规中心"", ""team"": ""风险管理团队"", ""biz_pm"": ""王逸"", ""biz_priority"": ""风险合规中心2"", ""techLead"": ""98cb9446-ac30-4857-9c77-644999e62d52"", ""admission"": ""true"", ""in_delivery"": ""false""}",大象-常规-26-0523,
债券借贷直联本币上行,<p>现状：上游发大象指令到交易室交易员大象账号，交易室导出excel，导入本币</p><p>期望：上游交易员发大象指令，直连本币（类似本币的现券交易）</p>,5e8c9352-8553-4e87-97dc-88594010f83a,4657dc96-1572-41e3-becd-0ba3d4ff8e22,none,"[""6fe8459b-3b6b-4197-a29a-f95f2a7e20cc""]","{""req_source"": ""IT需求申请央20251028572539-1"", ""department"": ""中央交易室"", ""domestic_overseas"": ""境内"", ""category_l1"": ""借贷"", ""category_l2"": ""银行间借贷"", ""category_l3"": ""交易链路"", ""biz_pm"": ""张语蕙"", ""biz_priority"": ""在研-优先级0"", ""estimated_iteration"": ""预计0613迭代完成交付"", ""delivery_content"": ""交易链路持续开发"", ""techLead"": ""0d5d1a69-68ee-4885-9bb7-bf93e92eb4aa"", ""admission"": ""true"", ""in_delivery"": ""true""}",大象-常规-26-0523,
外币拆借业务模块开发,<p>根据外币拆借业务开展的需求，开发外币拆借交易功能开发</p>,5e8c9352-8553-4e87-97dc-88594010f83a,4657dc96-1572-41e3-becd-0ba3d4ff8e22,none,"[""6fe8459b-3b6b-4197-a29a-f95f2a7e20cc""]","{""req_source"": ""IT需求申请资运20251224590060-9"", ""department"": ""资金运营部"", ""domestic_overseas"": ""境内"", ""category_l1"": ""拆借"", ""category_l2"": ""外币拆借"", ""category_l3"": ""交易链路"", ""biz_pm"": ""杨畅"", ""biz_priority"": ""在研-优先级0"", ""estimated_iteration"": ""预计0704迭代之后完成交付"", ""delivery_content"": ""下单页面及交易链路启动开发"", ""techLead"": ""0d5d1a69-68ee-4885-9bb7-bf93e92eb4aa"", ""admission"": ""true"", ""in_delivery"": ""true""}",大象-常规-26-0523,
交易所回购量化策略（从基础到进阶）,<p>基于对交易所回购历史数据的分析和量化策略的研究，借助金融模型分析和公司大象交易平台、AI平台赋能，完成交易所回购交易的量化策略构建。基础功能是通过模型尝试实现每日交易机会的捕捉和提示；进阶功能是尝试实现每日交易所回购的量化自动下单等。</p>,5e8c9352-8553-4e87-97dc-88594010f83a,4657dc96-1572-41e3-becd-0ba3d4ff8e22,none,"[""daa28f62-9d59-4c8a-9c93-28d931e72b99""]","{""req_source"": ""IT需求申请资运20251224590060-4"", ""department"": ""资金运营部"", ""domestic_overseas"": ""境内"", ""biz_pm"": ""杨畅"", ""biz_priority"": ""在研-优先级0"", ""estimated_iteration"": ""预计0704迭代之后完成交付"", ""delivery_content"": ""支持目标一的研究"", ""remarks"": ""牵头技术负责人在【3月20日】已确认"", ""techLead"": ""74c21a3b-1b9b-47f2-b7ab-b8195738260d"", ""admission"": ""true"", ""in_delivery"": ""true""}",大象-常规-26-0523,
质押式回购RFQ直联本币上行,<p>现状：上游发大象指令到交易室交易员大象账号，中央交易室发起报价请求量，待对方回复价后，中央交易室交易员借助RPA机器人录入债券后发单</p><p>期望1：针对固收部交易，上游交易员发大象指令，直连本币（类似本币的回购-对话交易）</p><p>期望2：针对资运部交易，上游交易员发大象指令到交易室大象账号，交易室交易员参与流程，以中央交易室的本币账号成交。（中央交易室的执行交易员角色类似资运回购-对话交易中北京执行交易员）</p>,5e8c9352-8553-4e87-97dc-88594010f83a,4657dc96-1572-41e3-becd-0ba3d4ff8e22,none,"[""6fe8459b-3b6b-4197-a29a-f95f2a7e20cc""]","{""req_source"": ""IT需求申请央20251028572539-2"", ""department"": ""中央交易室"", ""biz_priority"": ""中央交易室-优先级1"", ""estimated_iteration"": ""本迭代无法启动后续重新排期"", ""techLead"": ""0d5d1a69-68ee-4885-9bb7-bf93e92eb4aa"", ""admission"": ""true"", ""in_delivery"": ""false""}",大象-常规-26-0523,
月度授权流程启动迁移,<p></p>,5e8c9352-8553-4e87-97dc-88594010f83a,4657dc96-1572-41e3-becd-0ba3d4ff8e22,none,"[""15e4d327-6119-4941-85ac-624f7b021630""]","{""department"": ""信息技术部"", ""domestic_overseas"": ""境内"", ""center"": ""FICC交易平台中心"", ""team"": ""平台架构"", ""biz_pm"": ""姜玉珠"", ""biz_priority"": ""在研-优先级0"", ""estimated_iteration"": ""预计0523迭代完成交付"", ""techLead"": ""b5cf400d-4a1a-4daf-8ad7-dc33d720391c"", ""admission"": ""true"", ""in_delivery"": ""true""}",大象-常规-26-0523,
AURORA平台优化及HAB整合,<p></p>,5e8c9352-8553-4e87-97dc-88594010f83a,4657dc96-1572-41e3-becd-0ba3d4ff8e22,none,"[""535b3838-1804-4a1f-8353-5320babd97b8""]","{""department"": ""信息技术部"", ""domestic_overseas"": ""境内"", ""center"": ""FICC交易平台中心"", ""team"": ""策略管理"", ""biz_pm"": ""钱高翔"", ""biz_priority"": ""在研-优先级0"", ""estimated_iteration"": ""预计0613迭代之后完成交付"", ""techLead"": ""77342d2f-a6cf-4a2d-8142-2f5f84d0636a"", ""admission"": ""true"", ""in_delivery"": ""true""}",大象-常规-26-0523,FICC策略平台整合项目
LAMP持续优化,<p></p>,5e8c9352-8553-4e87-97dc-88594010f83a,4657dc96-1572-41e3-becd-0ba3d4ff8e22,none,"[""1f032804-4e24-4b85-a5d3-e57bb39f84b4"", ""daa28f62-9d59-4c8a-9c93-28d931e72b99""]","{""department"": ""信息技术部"", ""domestic_overseas"": ""境内"", ""biz_priority"": ""在研-优先级0"", ""estimated_iteration"": ""预计0613迭代之后完成交付"", ""techLead"": ""74c21a3b-1b9b-47f2-b7ab-b8195738260d"", ""admission"": ""true"", ""in_delivery"": ""true""}",大象-常规-26-0523,FICC人工智能专项项目
Centos80->Centso79策略迁移（非常用部分策略）,<p></p>,5e8c9352-8553-4e87-97dc-88594010f83a,4657dc96-1572-41e3-becd-0ba3d4ff8e22,none,"[""535b3838-1804-4a1f-8353-5320babd97b8""]","{""req_source"": ""内部优化"", ""department"": ""信息技术部"", ""domestic_overseas"": ""境内"", ""center"": ""FICC交易平台中心"", ""biz_pm"": ""钱高翔"", ""estimated_iteration"": ""预计0523迭代完成交付"", ""techLead"": ""77342d2f-a6cf-4a2d-8142-2f5f84d0636a"", ""admission"": ""true"", ""in_delivery"": ""true""}",大象-常规-26-0523,
Turingx集群job_manager迁移,<p></p>,5e8c9352-8553-4e87-97dc-88594010f83a,4657dc96-1572-41e3-becd-0ba3d4ff8e22,none,"[""535b3838-1804-4a1f-8353-5320babd97b8""]","{""req_source"": ""内部优化"", ""department"": ""信息技术部"", ""domestic_overseas"": ""境内"", ""center"": ""FICC交易平台中心"", ""biz_pm"": ""钱高翔"", ""estimated_iteration"": ""预计0613迭代之后完成交付"", ""techLead"": ""77342d2f-a6cf-4a2d-8142-2f5f84d0636a"", ""admission"": ""true"", ""in_delivery"": ""true""}",大象-常规-26-0523,
大象国际版中英翻译存量校正,<p>针对目前存量已进行中英翻译的字段，部分翻译不准确的字段进行修正。</p>,5e8c9352-8553-4e87-97dc-88594010f83a,4657dc96-1572-41e3-becd-0ba3d4ff8e22,none,"[""8baed4ad-64c0-4922-b4bb-e9d77a865fd7""]","{""req_source"": ""内部优化"", ""department"": ""信息技术部"", ""domestic_overseas"": ""境外"", ""biz_pm"": ""孙玉涵"", ""estimated_iteration"": ""预计0523迭代完成交付"", ""techLead"": ""ee12bda6-18fc-4ad5-a35e-74c256781157"", ""admission"": ""true"", ""in_delivery"": ""true""}",大象-常规-26-0523,
资金部美债Calypso替代需求,<p>支持从TOMS感知内部交易簿记并推送成交流水给Galaxy；</p>,5e8c9352-8553-4e87-97dc-88594010f83a,4657dc96-1572-41e3-becd-0ba3d4ff8e22,none,"[""86316c00-0847-43a8-8176-834f264e0307""]","{""req_source"": ""内部优化"", ""domestic_overseas"": ""境外"", ""center"": ""FICC交易平台中心"", ""biz_pm"": ""曾慧聪"", ""admission"": ""true"", ""in_delivery"": ""false""}",大象-常规-26-0523,
