external_id,name,description_html,type_id,state_id,external_source,assignees,extra_properties,cycle_id,module_id
FICCHEADS-1127,境外债券支持配置汇率敞口算法 [0328],<p>支持境外债券合约的汇率敞口的灵活配置和计算，满足客户对于汇率浮动所导致的本金损益精细化管理的诉求</p><p>【当前迭代交付】启动累计结转模式汇率敞口计算开发</p>,5e8c9352-8553-4e87-97dc-88594010f83a,4657dc96-1572-41e3-becd-0ba3d4ff8e22,jira,[],"{""department"": ""固定收益部"", ""domestic_overseas"": ""境内"", ""category_l1"": ""场外衍生品"", ""category_l2"": ""场外收益互换"", ""category_l3"": ""场外"", ""center"": ""代客业务中心"", ""biz_pm"": ""褚悦珊"", ""biz_priority"": ""在研-优先级0"", ""it_pm"": ""9a969130-2666-4604-9326-c2b17ca09ef1"", ""techLead"": ""张弦"", ""in_delivery"": true, ""estimated_iteration"": ""预计0425迭代完成交付"", ""delivery_content"": ""启动累计结转模式汇率敞口计算开发"", ""remarks"": ""技术负责人在【1-28日】已确认""}",8b6f3266-ad5d-4193-8b2e-724da8b4a476,
FICCHEADS-1124,境外债TRS付息/资金流水自动生成 [0328],<p>支持境外债TRS（包括中资美元债、点心债等）自动生成债券付息资金流水与交易流水，具体包括：</p><p>1）合约簿记增加派息规则等字段</p><p>2）自动生成付息要素</p><p>3）生成付息交易流水</p><p>4）生成资金流水</p><p>【当前迭代交付】启动场外侧债券付息资金流水和交易流水开发</p>,5e8c9352-8553-4e87-97dc-88594010f83a,4657dc96-1572-41e3-becd-0ba3d4ff8e22,jira,[],"{""department"": ""固定收益部"", ""domestic_overseas"": ""境内"", ""category_l1"": ""互换"", ""category_l2"": ""场外收益互换"", ""category_l3"": ""场外"", ""center"": ""代客业务中心"", ""biz_pm"": ""褚悦珊"", ""biz_priority"": ""在研-优先级0"", ""it_pm"": ""9a969130-2666-4604-9326-c2b17ca09ef1"", ""techLead"": ""张弦"", ""in_delivery"": true, ""estimated_iteration"": ""预计0425迭代完成交付"", ""delivery_content"": ""启动场外侧债券付息资金流水和交易流水开发"", ""remarks"": ""技术负责人在【1-28日】已确认""}",8b6f3266-ad5d-4193-8b2e-724da8b4a476,
FICCHEADS-1167,TARF平台建设 [0328],<p>【当前迭代交付】完成TARF中后台对接和存续期监控部分功能</p>,5e8c9352-8553-4e87-97dc-88594010f83a,4657dc96-1572-41e3-becd-0ba3d4ff8e22,jira,[],"{""department"": ""香港金控FICC"", ""domestic_overseas"": ""境外"", ""category_l1"": ""场外衍生品"", ""category_l2"": ""TARF"", ""category_l3"": ""交易簿记"", ""center"": ""代客业务中心"", ""team"": ""外汇产品团队"", ""biz_pm"": ""陈思宇"", ""biz_priority"": ""在研-优先级0"", ""it_pm"": ""daa28f62-9d59-4c8a-9c93-28d931e72b99"", ""techLead"": ""张天翼"", ""in_delivery"": true, ""estimated_iteration"": ""预计0328迭代完成交付"", ""delivery_content"": ""完成TARF中后台对接和存续期监控部分功能"", ""remarks"": ""技术负责人在【1-28日】已确认""}",8b6f3266-ad5d-4193-8b2e-724da8b4a476,1b35a6b5-f222-4016-9fb1-ad7d924bded4
FICCHEADS-1180,港交所外汇期货做市交易系统建设需求说明书 [0328],<p>【当前迭代交付】完成易盛柜台外汇期货行情对接和做市交易链路基础组件境外部署。</p>,5e8c9352-8553-4e87-97dc-88594010f83a,4657dc96-1572-41e3-becd-0ba3d4ff8e22,jira,[],"{""department"": ""香港金控FICC"", ""domestic_overseas"": ""境外"", ""category_l1"": ""外汇"", ""category_l2"": ""外汇期货"", ""category_l3"": ""交易链路"", ""center"": ""做市业务中心"", ""team"": ""外汇做市台"", ""biz_pm"": ""赵鸿达"", ""biz_priority"": ""在研-优先级0"", ""it_pm"": ""943c1313-5035-46a0-b1e2-91e3a19546a6"", ""techLead"": ""王轮樟"", ""in_delivery"": true, ""estimated_iteration"": ""预计0523迭代之后完成交付"", ""delivery_content"": ""完成易盛柜台外汇期货行情对接和做市交易链路基础组件境外部署。"", ""remarks"": ""技术负责人在【1-29日】已确认""}",8b6f3266-ad5d-4193-8b2e-724da8b4a476,770f76de-e4c8-4d07-a092-9639b2a1ab52
FICCHEADS-873,IRS交易支持对接xswap实现线上对冲 [0328],<p>目前场外衍生品平台TRS的IRS品种对客交易，客户主要是通过线下与我们达成交易，交易效率低，后续通过大象平台TRS对冲端直连X-Swap平台，客户可以直接线上看到X-Swap价格（加点）进行成交，能大幅提升交易量。目前TRS支持债券通过X-Bond的成交模式。</p><p>【当前迭代交付】启动线上对冲交易链路开发</p>,5e8c9352-8553-4e87-97dc-88594010f83a,4657dc96-1572-41e3-becd-0ba3d4ff8e22,jira,[],"{""department"": ""固定收益部"", ""domestic_overseas"": ""境内"", ""category_l1"": ""互换"", ""category_l2"": ""场外收益互换"", ""category_l3"": ""场外"", ""center"": ""代客业务中心"", ""biz_pm"": ""褚悦珊"", ""biz_priority"": ""在研-优先级0"", ""it_pm"": ""9a969130-2666-4604-9326-c2b17ca09ef1"", ""techLead"": ""张弦"", ""in_delivery"": true, ""estimated_iteration"": ""预计0425迭代完成交付"", ""delivery_content"": ""启动线上对冲交易链路开发"", ""remarks"": ""技术负责人在【1-28日】已确认""}",8b6f3266-ad5d-4193-8b2e-724da8b4a476,
FICCHEADS-1097,境外债自营风控优化需求 [0328],<p>【当前迭代交付】启动授权额度监控研发；</p>,5e8c9352-8553-4e87-97dc-88594010f83a,4657dc96-1572-41e3-becd-0ba3d4ff8e22,jira,[],"{""department"": ""固定收益部"", ""domestic_overseas"": ""境内"", ""category_l1"": ""债券"", ""category_l2"": ""南向通债券"", ""category_l3"": ""交易风控"", ""center"": ""风险合规中心"", ""team"": ""风险管理团队"", ""biz_pm"": ""赵鸿达"", ""biz_priority"": ""在研-优先级0"", ""it_pm"": ""86316c00-0847-43a8-8176-834f264e0307"", ""techLead"": ""戚挺"", ""in_delivery"": true, ""estimated_iteration"": ""预计0425迭代完成交付"", ""delivery_content"": ""启动授权额度监控研发；"", ""remarks"": ""技术负责人在【1-28日】已确认\n本需求遗留功能点与后续新需求（FICCHEAS-1130）耦合紧密，经沟通本功能点合并到后续需求整体开发。""}",8b6f3266-ad5d-4193-8b2e-724da8b4a476,
FICCHEADS-1099,iDeal机器人自动下单功能(新增支持平安利顺） [0328],<p>实现直连货币中介iDeal机器人的债券自动下单成交。</p><p>此需求为新增对接直连货币中介平安理顺的机器人。</p><p>【当前迭代交付】完成平安利顺的接口对接</p>,5e8c9352-8553-4e87-97dc-88594010f83a,4657dc96-1572-41e3-becd-0ba3d4ff8e22,jira,[],"{""department"": ""固定收益部"", ""domestic_overseas"": ""境内"", ""category_l1"": ""债券"", ""category_l2"": ""银行间债券"", ""category_l3"": ""直连经纪商债券交易"", ""center"": ""做市业务中心"", ""team"": ""本币做市台"", ""biz_pm"": ""韩玲"", ""biz_priority"": ""在研-优先级0"", ""it_pm"": ""1f032804-4e24-4b85-a5d3-e57bb39f84b4"", ""techLead"": ""戚挺"", ""in_delivery"": true, ""estimated_iteration"": ""预计0328迭代完成交付"", ""delivery_content"": ""完成平安利顺的接口对接"", ""remarks"": ""技术负责人在【1-28日】已确认""}",8b6f3266-ad5d-4193-8b2e-724da8b4a476,
FICCHEADS-1136,其他债权投资和持有至到期损益计算逻辑优化 [0328],<p>【当前迭代交付】完成自营日报部分对OCI/AC账户相关的适配</p>,5e8c9352-8553-4e87-97dc-88594010f83a,4657dc96-1572-41e3-becd-0ba3d4ff8e22,jira,[],"{""department"": ""固定收益部"", ""domestic_overseas"": ""境内"", ""category_l1"": ""综合"", ""category_l2"": ""风险管理"", ""category_l3"": ""业务报表"", ""center"": ""风险合规中心"", ""team"": ""风险管理团队"", ""biz_pm"": ""赵鸿达"", ""biz_priority"": ""在研-优先级0"", ""it_pm"": ""daa28f62-9d59-4c8a-9c93-28d931e72b99"", ""techLead"": ""姚忠兵"", ""in_delivery"": true, ""estimated_iteration"": ""预计0425迭代完成交付"", ""delivery_content"": ""完成自营日报部分对OCI/AC账户相关的适配"", ""remarks"": ""技术负责人在【1-23日】已确认""}",8b6f3266-ad5d-4193-8b2e-724da8b4a476,
FICCHEADS-1082,增加财富管理部私行中心客户准入流程 [0328],<p>【当前迭代交付】支持私行客户的准入流程</p>,5e8c9352-8553-4e87-97dc-88594010f83a,4657dc96-1572-41e3-becd-0ba3d4ff8e22,jira,[],"{""department"": ""固定收益部"", ""domestic_overseas"": ""境内"", ""category_l1"": ""综合"", ""category_l2"": ""销售业务"", ""category_l3"": ""数据报送"", ""center"": ""销售业务中心"", ""team"": ""代客销售团队"", ""biz_pm"": ""吴凡"", ""biz_priority"": ""在研-优先级0"", ""it_pm"": ""1f032804-4e24-4b85-a5d3-e57bb39f84b4"", ""techLead"": ""张弦"", ""in_delivery"": true, ""estimated_iteration"": ""预计0328迭代完成交付"", ""delivery_content"": ""支持私行客户的准入流程"", ""remarks"": ""技术负责人在【1-28日】已确认""}",8b6f3266-ad5d-4193-8b2e-724da8b4a476,
FICCHEADS-812,监管报表-现券和回购偏离度报表完善需求V2 [0328],<p>对监管报表中，细分的“现券和回购偏离度报表”进行有关完善。</p><p>【当前迭代交付】完成技术方案的调研和设计</p>,5e8c9352-8553-4e87-97dc-88594010f83a,4657dc96-1572-41e3-becd-0ba3d4ff8e22,jira,[],"{""department"": ""固定收益部"", ""domestic_overseas"": ""境内"", ""category_l1"": ""综合"", ""category_l2"": ""风险管理"", ""category_l3"": ""业务报表"", ""center"": ""风险合规中心"", ""team"": ""风险管理团队"", ""biz_pm"": ""赵鸿达"", ""biz_priority"": ""在研-优先级0"", ""it_pm"": ""daa28f62-9d59-4c8a-9c93-28d931e72b99"", ""techLead"": ""陈治平"", ""in_delivery"": true, ""estimated_iteration"": ""预计0425迭代完成交付"", ""delivery_content"": ""完成技术方案的调研和设计"", ""remarks"": ""技术负责人在【1-28日】已确认""}",8b6f3266-ad5d-4193-8b2e-724da8b4a476,
FICCHEADS-1110,OCI账户持仓减值计算方案调整需求说明书 [0328],<p>对以摊余成本计量的债券、以公允价值计量且其变动计入其他综合收益的债券的减值计算方法进行调整。</p><p>【当前迭代交付】【不纳入说明】：本迭代工作量饱和，无法纳入更多需求</p>,5e8c9352-8553-4e87-97dc-88594010f83a,4657dc96-1572-41e3-becd-0ba3d4ff8e22,jira,[],"{""department"": ""固定收益部"", ""domestic_overseas"": ""境内"", ""category_l1"": ""综合"", ""category_l2"": ""风险管理"", ""category_l3"": ""账户管理"", ""center"": ""自营业务中心"", ""team"": ""自营交易五台"", ""biz_pm"": ""赵鸿达"", ""biz_priority"": ""自营业务中心优先级1"", ""it_pm"": ""86316c00-0847-43a8-8176-834f264e0307"", ""techLead"": ""姚忠兵"", ""in_delivery"": false, ""estimated_iteration"": ""本迭代无法启动后续重新排期"", ""delivery_content"": ""【不纳入说明】：本迭代工作量饱和，无法纳入更多需求""}",8b6f3266-ad5d-4193-8b2e-724da8b4a476,
FICCHEADS-1140,债券ETF业务系统需求说明书（二期）：二级交易 [0328],<p>实现债券ETF交易链路建设中二级交易功能。</p><p>【当前迭代交付】完成价格偏离度，单债券ETF持仓限额，债券ETF总体持仓限额，持仓集中度4个风控功能</p>,5e8c9352-8553-4e87-97dc-88594010f83a,4657dc96-1572-41e3-becd-0ba3d4ff8e22,jira,[],"{""department"": ""固定收益部"", ""domestic_overseas"": ""境内"", ""category_l1"": ""基金"", ""category_l2"": ""债券ETF"", ""category_l3"": ""交易链路"", ""center"": ""自营业务中心"", ""team"": ""信用交易台"", ""biz_pm"": ""韩玲"", ""biz_priority"": ""自营业务中心优先级2"", ""it_pm"": ""86316c00-0847-43a8-8176-834f264e0307"", ""techLead"": ""戚挺"", ""in_delivery"": true, ""estimated_iteration"": ""预计0523迭代之后完成交付"", ""delivery_content"": ""完成价格偏离度，单债券ETF持仓限额，债券ETF总体持仓限额，持仓集中度4个风控功能"", ""remarks"": ""技术负责人在【1-30日】已确认""}",8b6f3266-ad5d-4193-8b2e-724da8b4a476,
FICCHEADS-1189,美国国债做市系统需求 [0328],<p>1. 对冲端连接城堡基金接口， 接入对冲端渠道的行情信息</p><p>2. 报价端连接彭博等渠道，策略报价能够报至ALLQ等渠道</p><p>3. 大象报价面板支持进行对美国国债的策略报价和策略对冲平盘</p><p>4. 大象询价回复面板和类似功能支持进行客户询价的策略/人工询价回复</p><p>5. 支持查询订单、成交、持仓、PnL、风险等相关报表信息</p><p>【当前迭代交付】完成需求内容沟通与分析，制定阶段性交付目标。</p>,5e8c9352-8553-4e87-97dc-88594010f83a,4657dc96-1572-41e3-becd-0ba3d4ff8e22,jira,[],"{""department"": ""香港金控FICC"", ""domestic_overseas"": ""境外"", ""category_l1"": ""债券"", ""category_l2"": ""美国国债"", ""category_l3"": ""交易链路"", ""center"": ""做市业务中心"", ""team"": ""外币债券做市台"", ""biz_pm"": ""韩玲"", ""biz_priority"": ""做市业务中心优先级1"", ""it_pm"": ""943c1313-5035-46a0-b1e2-91e3a19546a6"", ""techLead"": ""戚挺"", ""in_delivery"": true, ""estimated_iteration"": ""预计0523迭代之后完成交付"", ""delivery_content"": ""完成需求内容沟通与分析，制定阶段性交付目标。"", ""remarks"": ""技术负责人在【1-28日】已确认""}",8b6f3266-ad5d-4193-8b2e-724da8b4a476,
FICCHEADS-1194,金控FICC期货（港交所外汇期货）前台交易簿记需求 [0328],<p>本需求为前台交易簿记需求，针对港交所外汇期货所涉及的前台交易簿记，拟进行整体建设，包括交易簿记、持仓管理、风险管理、估值模型及现金流计算、账户管理等。</p><p>【当前迭代交付】完成需求内容沟通与分析，制定阶段性交付目标。</p>,5e8c9352-8553-4e87-97dc-88594010f83a,4657dc96-1572-41e3-becd-0ba3d4ff8e22,jira,[],"{""department"": ""香港金控FICC"", ""domestic_overseas"": ""境外"", ""category_l1"": ""期货"", ""category_l2"": ""外汇期货"", ""category_l3"": ""交易簿记"", ""center"": ""做市业务中心"", ""team"": ""大象平台产品团队"", ""biz_pm"": ""赵鸿达"", ""biz_priority"": ""做市业务中心优先级2"", ""it_pm"": ""943c1313-5035-46a0-b1e2-91e3a19546a6"", ""techLead"": ""戚挺"", ""in_delivery"": true, ""estimated_iteration"": ""预计0523迭代之后完成交付"", ""delivery_content"": ""完成需求内容沟通与分析，制定阶段性交付目标。"", ""remarks"": ""技术负责人在【1-28日】已确认""}",8b6f3266-ad5d-4193-8b2e-724da8b4a476,
FICCHEADS-1184,收益互换支持挂钩加拿大多伦多交易所和美国BATS交易所权益品种 [0328],<p>为满足客户交易需求，场外衍生品平台收益互换新增支持美国BATS证券交易所、加拿大多伦多证券交易所的权益品种，以上交易适用目前场外衍生品平台的风控规则（包括实时和日终风控），并支持合约自动生成、估值、实时/日终盯市等合约全生命周期管理</p><p>【当前迭代交付】【不纳入说明】：上游行情中心数据需要改造，本迭代无法启动</p>,5e8c9352-8553-4e87-97dc-88594010f83a,4657dc96-1572-41e3-becd-0ba3d4ff8e22,jira,[],"{""department"": ""固定收益部"", ""domestic_overseas"": ""境内"", ""category_l1"": ""场外衍生品"", ""category_l2"": ""场外收益互换"", ""category_l3"": ""交易链路"", ""center"": ""代客业务中心"", ""team"": ""多资产创新产品团队"", ""biz_pm"": ""褚悦珊"", ""biz_priority"": ""代客业务中心优先级1"", ""it_pm"": ""9a969130-2666-4604-9326-c2b17ca09ef1"", ""techLead"": ""张弦"", ""in_delivery"": false, ""estimated_iteration"": ""本迭代无法启动后续重新排期"", ""delivery_content"": ""【不纳入说明】：上游行情中心数据需要改造，本迭代无法启动""}",8b6f3266-ad5d-4193-8b2e-724da8b4a476,
FICCHEADS-1149,债券增值税现金流自动生成 [0328],<p>自2025年8月8日起，财政部、税务总局将对在该日期之后（含当日）新发行的国债、地方政府债券、金融债券的利息收入，恢复征收增值税。需要对系统功能进行改造，以生成增值税费用现金流需支持推送运营中心复核</p><p>【当前迭代交付】完成技术方案设计，交付税收基础信息配置功能</p>,5e8c9352-8553-4e87-97dc-88594010f83a,4657dc96-1572-41e3-becd-0ba3d4ff8e22,jira,[],"{""department"": ""固定收益部"", ""domestic_overseas"": ""境内"", ""category_l1"": ""场外衍生品"", ""category_l2"": ""场外收益互换"", ""category_l3"": ""交易管理"", ""center"": ""代客业务中心"", ""team"": ""宏观产品团队"", ""biz_pm"": ""褚悦珊"", ""biz_priority"": ""代客业务中心优先级2"", ""it_pm"": ""9a969130-2666-4604-9326-c2b17ca09ef1"", ""techLead"": ""张弦"", ""in_delivery"": true, ""estimated_iteration"": ""预计0425迭代完成交付"", ""delivery_content"": ""完成技术方案设计，交付税收基础信息配置功能"", ""remarks"": ""技术负责人在【1-28日】已确认""}",8b6f3266-ad5d-4193-8b2e-724da8b4a476,
FICCHEADS-1096,部分白名单资质更新提醒提前 [0328],<p>对于衍生品客户下“专业投资者类型”为“专业一类”且“机构大类”为“私募”以外其他类型时，将客户下次年度资质更新首次提醒时间设置为到期前2个月。</p><p>【当前迭代交付】基于OB触发结果完成提醒触达展示，优化提醒到期日展示功能</p>,5e8c9352-8553-4e87-97dc-88594010f83a,4657dc96-1572-41e3-becd-0ba3d4ff8e22,jira,[],"{""department"": ""固定收益部"", ""domestic_overseas"": ""境内"", ""category_l1"": ""综合"", ""category_l2"": ""销售业务"", ""category_l3"": ""销售管理"", ""center"": ""销售业务中心"", ""team"": ""代客销售团队"", ""biz_pm"": ""陈思宇"", ""biz_priority"": ""销售业务中心优先级1"", ""it_pm"": ""1f032804-4e24-4b85-a5d3-e57bb39f84b4"", ""techLead"": ""张弦"", ""in_delivery"": true, ""estimated_iteration"": ""预计0328迭代完成交付"", ""delivery_content"": ""基于OB触发结果完成提醒触达展示，优化提醒到期日展示功能"", ""remarks"": ""技术负责人在【1-28日】已确认""}",8b6f3266-ad5d-4193-8b2e-724da8b4a476,
FICCHEADS-983,支持产品更换管理人功能 [0328],<p>在年度资质更新场景支持前端增加产品切换管理人/管理人平移的选项，系统不固定管理人ECIFID，根据流程中填写的管理人重新派发ID。办结后系统更新产品所属管理人的关系。</p><p>【当前迭代交付】【不纳入说明】：上游系统OB无法启动，需要上游完成之后再启动</p>,5e8c9352-8553-4e87-97dc-88594010f83a,4657dc96-1572-41e3-becd-0ba3d4ff8e22,jira,[],"{""department"": ""固定收益部"", ""domestic_overseas"": ""境内"", ""category_l1"": ""综合"", ""category_l2"": ""销售业务"", ""category_l3"": ""销售管理"", ""center"": ""销售业务中心"", ""team"": ""代客销售团队"", ""biz_pm"": ""陈思宇"", ""biz_priority"": ""销售业务中心优先级2"", ""it_pm"": ""1f032804-4e24-4b85-a5d3-e57bb39f84b4"", ""techLead"": ""张弦"", ""in_delivery"": false, ""estimated_iteration"": ""本迭代无法启动后续重新排期"", ""delivery_content"": ""【不纳入说明】：上游系统OB无法启动，需要上游完成之后再启动""}",8b6f3266-ad5d-4193-8b2e-724da8b4a476,
FICCHEADS-1197,外币回购大象开发需求 [0328],<p>新开发外币回购业务模块，但需求目前还在审核，尚未提交</p><p>【当前迭代交付】上线批量下单，内部执行，可用校验及查询，成交监控，清算导出等功能</p>,5e8c9352-8553-4e87-97dc-88594010f83a,4657dc96-1572-41e3-becd-0ba3d4ff8e22,jira,[],"{""department"": ""固定收益部"", ""domestic_overseas"": ""境内"", ""category_l1"": ""回购"", ""category_l2"": ""外币回购"", ""category_l3"": ""交易链路"", ""center"": ""流动性管理中心"", ""team"": ""—"", ""biz_pm"": ""韩玲"", ""biz_priority"": ""流动性管理中心优先级1"", ""it_pm"": ""6fe8459b-3b6b-4197-a29a-f95f2a7e20cc"", ""techLead"": ""戚挺"", ""in_delivery"": true, ""estimated_iteration"": ""预计0523迭代之后完成交付"", ""delivery_content"": ""上线批量下单，内部执行，可用校验及查询，成交监控，清算导出等功能"", ""remarks"": ""在排期反馈后，经固收高总及相关同事与IT重新沟通，外币回购作为作为重点需求纳入迭代""}",8b6f3266-ad5d-4193-8b2e-724da8b4a476,
FICCHEADS-955,票据业务持仓占用规则调整 [0328],<p>将票据业务持仓额度占用纳入固收常规限额体系内。</p><p>【当前迭代交付】【不纳入说明】：本迭代工作量饱和，无法纳入更多需求</p>,5e8c9352-8553-4e87-97dc-88594010f83a,4657dc96-1572-41e3-becd-0ba3d4ff8e22,jira,[],"{""department"": ""固定收益部"", ""domestic_overseas"": ""境内"", ""category_l1"": ""票据"", ""category_l2"": ""转贴现和正回购"", ""category_l3"": ""交易链路"", ""center"": ""流动性管理中心"", ""team"": ""—"", ""biz_pm"": ""韩玲"", ""biz_priority"": ""流动性管理中心优先级2"", ""it_pm"": ""6fe8459b-3b6b-4197-a29a-f95f2a7e20cc"", ""techLead"": ""戚挺"", ""in_delivery"": false, ""estimated_iteration"": ""本迭代无法启动后续重新排期"", ""delivery_content"": ""【不纳入说明】：本迭代工作量饱和，无法纳入更多需求""}",8b6f3266-ad5d-4193-8b2e-724da8b4a476,
FICCHEADS-931,金交所/银行间 即远掉询价交易风控相关需求 [0328],<p>为丰富客需衍生品业务对冲渠道的多样性，交易台提出支持黄金即远掉交易需求。相应地，风险管理方面提出配套风险管理以及风险分析需求以支持该业务开展，包括：</p><p>1）相关授权与权限功能；</p><p>2）场外衍生品估值敞口监控界面以及损益监控有关功能开发及改造。</p><p>【当前迭代交付】【不纳入说明】：本迭代工作量饱和，无法纳入更多需求</p>,5e8c9352-8553-4e87-97dc-88594010f83a,4657dc96-1572-41e3-becd-0ba3d4ff8e22,jira,[],"{""department"": ""固定收益部"", ""domestic_overseas"": ""境内"", ""category_l1"": ""贵金属"", ""category_l2"": ""黄金"", ""category_l3"": ""交易风控"", ""center"": ""风险合规中心"", ""team"": ""风险管理团队"", ""biz_pm"": ""赵鸿达"", ""biz_priority"": ""风险合规中心优先级1"", ""it_pm"": ""86316c00-0847-43a8-8176-834f264e0307"", ""techLead"": ""戚挺"", ""in_delivery"": false, ""estimated_iteration"": ""本迭代无法启动后续重新排期"", ""delivery_content"": ""【不纳入说明】：本迭代工作量饱和，无法纳入更多需求""}",8b6f3266-ad5d-4193-8b2e-724da8b4a476,
FICCHEADS-147,大象信用债持仓功能模块的开发需求 [0328],<p>大象信用债持仓监控功能构建</p><p>【当前迭代交付】【不纳入说明】：本迭代工作量饱和，无法纳入更多需求</p>,5e8c9352-8553-4e87-97dc-88594010f83a,4657dc96-1572-41e3-becd-0ba3d4ff8e22,jira,[],"{""department"": ""固定收益部"", ""domestic_overseas"": ""境内"", ""category_l1"": ""综合"", ""category_l2"": ""风险管理"", ""category_l3"": ""信用风险"", ""center"": ""风险合规中心"", ""team"": ""风险管理团队"", ""biz_pm"": ""赵鸿达"", ""biz_priority"": ""风险合规中心优先级2"", ""it_pm"": ""daa28f62-9d59-4c8a-9c93-28d931e72b99"", ""techLead"": ""姚忠兵"", ""in_delivery"": false, ""estimated_iteration"": ""本迭代无法启动后续重新排期"", ""delivery_content"": ""【不纳入说明】：本迭代工作量饱和，无法纳入更多需求""}",8b6f3266-ad5d-4193-8b2e-724da8b4a476,
IT需求申请央20251028572539,中央交易室固定收益类交易执行自动化需求 [0328],<p>随着交易中心、沪深交易所不断推出和完善各类型FICC类交易的接口，部分由中央交易室执行交易员手工下单的交易可接入自动化接口，减少大象系统和交易系统间的断点，降低相关操作风险，提升交易效率。</p><p>【当前迭代交付】【不纳入说明】：本迭代工作量饱和，无法纳入更多需求</p>,5e8c9352-8553-4e87-97dc-88594010f83a,4657dc96-1572-41e3-becd-0ba3d4ff8e22,jira,[],"{""department"": ""中央交易室"", ""domestic_overseas"": ""境内"", ""biz_pm"": ""张语蕙"", ""biz_priority"": ""中央交易室优先级1"", ""it_pm"": ""6fe8459b-3b6b-4197-a29a-f95f2a7e20cc"", ""techLead"": ""戚挺"", ""in_delivery"": false, ""estimated_iteration"": ""本迭代无法启动后续重新排期"", ""delivery_content"": ""【不纳入说明】：本迭代工作量饱和，无法纳入更多需求"", ""remarks"": ""技术负责人在【1-28日】已确认\n让位于外币回购和外币拆借的需求""}",8b6f3266-ad5d-4193-8b2e-724da8b4a476,
IT需求申请资运20251224590060,资金部2026年度IT需求申请（信用拆借审批链路迁移BPM） [0328],<p>根据部门业务发展及数字化转型规划，拟定2025年系统建设框架性需求，如附件。相关需求前期已线下沟通确认过。</p><p>【当前迭代交付】【不纳入说明】：本迭代工作量饱和，无法纳入更多需求</p>,5e8c9352-8553-4e87-97dc-88594010f83a,4657dc96-1572-41e3-becd-0ba3d4ff8e22,jira,[],"{""department"": ""资金运营部"", ""domestic_overseas"": ""境内"", ""biz_pm"": ""杨畅"", ""biz_priority"": ""资运部优先级2"", ""it_pm"": ""6fe8459b-3b6b-4197-a29a-f95f2a7e20cc"", ""techLead"": ""戚挺"", ""in_delivery"": false, ""estimated_iteration"": ""本迭代无法启动后续重新排期"", ""delivery_content"": ""【不纳入说明】：本迭代工作量饱和，无法纳入更多需求""}",8b6f3266-ad5d-4193-8b2e-724da8b4a476,
IT需求申请资运20251224590060,资金部2026年度IT需求申请（交易所回购策略信号发掘第一阶段） [0328],<p>根据部门业务发展及数字化转型规划，拟定2025年系统建设框架性需求，如附件。相关需求前期已线下沟通确认过。</p><p>【当前迭代交付】【不纳入说明】：本迭代工作量饱和，无法纳入更多需求</p>,5e8c9352-8553-4e87-97dc-88594010f83a,4657dc96-1572-41e3-becd-0ba3d4ff8e22,jira,[],"{""department"": ""资金运营部"", ""domestic_overseas"": ""境内"", ""biz_pm"": ""杨畅"", ""biz_priority"": ""资运部优先级1"", ""it_pm"": ""6fe8459b-3b6b-4197-a29a-f95f2a7e20cc"", ""techLead"": ""姚忠兵"", ""in_delivery"": false, ""estimated_iteration"": ""本迭代无法启动后续重新排期"", ""delivery_content"": ""【不纳入说明】：本迭代工作量饱和，无法纳入更多需求""}",8b6f3266-ad5d-4193-8b2e-724da8b4a476,
IT需求申请风20250905559247,关于风险数据集市采集固收Cube和大象系统场外业务数据的需求 [0328],<p>提供大象系统手工簿记行情、收益互换定义文件、预付金账户配置、保证金参数、盯市配置、交易簿参数、簿记复核状态变更等数据以及Cube系统簿记复核状态变更数据，数据具体需求详情见附件</p><p>【当前迭代交付】完成风险管理部需要的数据加工处理</p>,5e8c9352-8553-4e87-97dc-88594010f83a,4657dc96-1572-41e3-becd-0ba3d4ff8e22,jira,[],"{""department"": ""风险管理部"", ""domestic_overseas"": ""境内"", ""biz_pm"": ""汪倪佳"", ""biz_priority"": ""风控部优先级1"", ""it_pm"": ""9a969130-2666-4604-9326-c2b17ca09ef1"", ""techLead"": ""毕成功"", ""in_delivery"": true, ""estimated_iteration"": ""预计0425迭代完成交付"", ""delivery_content"": ""完成风险管理部需要的数据加工处理"", ""remarks"": ""技术负责人在【1-28日】已确认""}",8b6f3266-ad5d-4193-8b2e-724da8b4a476,
FICCHEADS-1168,金控FICC美国国债自动化交易链路业务需求二期（XOR：大象报到彭博后无需交易员确认直接对外报单） [0328],<p>实现自营中心美国国债交易链路建设，通过彭博XOR模块，实现大象报到彭博后无需交易员确认直接对外报单。</p><p>【当前迭代交付】对接彭博 XOR模块，实现订单自动流转。</p>,5e8c9352-8553-4e87-97dc-88594010f83a,4657dc96-1572-41e3-becd-0ba3d4ff8e22,jira,[],"{""department"": ""香港金控FICC"", ""domestic_overseas"": ""境外"", ""category_l1"": ""债券"", ""category_l2"": ""美国国债"", ""category_l3"": ""交易链路"", ""center"": ""自营业务中心"", ""team"": ""中央交易台/香港交易一台"", ""biz_pm"": ""沙学府"", ""biz_priority"": ""在研-优先级0"", ""it_pm"": ""8baed4ad-64c0-4922-b4bb-e9d77a865fd7"", ""techLead"": ""戚挺"", ""in_delivery"": true, ""estimated_iteration"": ""预计0328迭代完成交付"", ""delivery_content"": ""对接彭博 XOR模块，实现订单自动流转。"", ""remarks"": ""技术负责人在【1-28日】已确认""}",8b6f3266-ad5d-4193-8b2e-724da8b4a476,68557d3f-59d5-48dd-b6c9-cdecd7adffdf
,LAMP持续优化 [0328],<p>【当前迭代交付】完成LAMP功能优化</p>,5e8c9352-8553-4e87-97dc-88594010f83a,4657dc96-1572-41e3-becd-0ba3d4ff8e22,jira,[],"{""department"": ""信息技术部"", ""domestic_overseas"": ""境内"", ""it_pm"": ""daa28f62-9d59-4c8a-9c93-28d931e72b99"", ""techLead"": ""姚忠兵"", ""in_delivery"": true, ""estimated_iteration"": ""预计0328迭代完成交付"", ""delivery_content"": ""完成LAMP功能优化""}",8b6f3266-ad5d-4193-8b2e-724da8b4a476,f7740574-83da-4168-aea4-3bed1c0cf870
,iDeal客户画像持续迭代 [0328],<p>【当前迭代交付】完成成交后收益率和胜率的标签计算</p>,5e8c9352-8553-4e87-97dc-88594010f83a,4657dc96-1572-41e3-becd-0ba3d4ff8e22,jira,[],"{""department"": ""信息技术部"", ""it_pm"": ""1f032804-4e24-4b85-a5d3-e57bb39f84b4"", ""techLead"": ""陈志宝"", ""in_delivery"": true, ""estimated_iteration"": ""预计0328迭代完成交付"", ""delivery_content"": ""完成成交后收益率和胜率的标签计算""}",8b6f3266-ad5d-4193-8b2e-724da8b4a476,
,场外港股支持打新阶段定义和维护 [0328],<p>【当前迭代交付】对接资讯中心获取港股上市前的静态信息，支持用户在上市前对暗盘交易进行维护</p>,5e8c9352-8553-4e87-97dc-88594010f83a,4657dc96-1572-41e3-becd-0ba3d4ff8e22,jira,[],"{""department"": ""信息技术部"", ""domestic_overseas"": ""境内"", ""it_pm"": ""535b3838-1804-4a1f-8353-5320babd97b8"", ""techLead"": ""王轮樟"", ""in_delivery"": true, ""estimated_iteration"": ""预计0328迭代完成交付"", ""delivery_content"": ""对接资讯中心获取港股上市前的静态信息，支持用户在上市前对暗盘交易进行维护"", ""remarks"": ""已和张弦和何鑫沟通""}",8b6f3266-ad5d-4193-8b2e-724da8b4a476,
,对接彭博交易日历和结算日历 [0328],<p>【当前迭代交付】对接资讯平台，接入彭博全量的交易日历和结算日历</p>,5e8c9352-8553-4e87-97dc-88594010f83a,4657dc96-1572-41e3-becd-0ba3d4ff8e22,jira,[],"{""department"": ""信息技术部"", ""domestic_overseas"": ""境内"", ""it_pm"": ""535b3838-1804-4a1f-8353-5320babd97b8"", ""techLead"": ""王轮樟"", ""in_delivery"": true, ""estimated_iteration"": ""预计0425迭代完成交付"", ""delivery_content"": ""对接资讯平台，接入彭博全量的交易日历和结算日历"", ""remarks"": ""已和何鑫和周硕飙沟通""}",8b6f3266-ad5d-4193-8b2e-724da8b4a476,
,O45迁移+交易所固收平台切换至互联网平台 [0328],<p>【当前迭代交付】配合业务进行固收O45迁移</p><p>交易所固收平台迁移至互联网平台，涉及到交易链路、行情、RDS等变更</p>,5e8c9352-8553-4e87-97dc-88594010f83a,4657dc96-1572-41e3-becd-0ba3d4ff8e22,jira,[],"{""department"": ""信息技术部"", ""domestic_overseas"": ""境内"", ""biz_pm"": ""赵鸿达"", ""it_pm"": ""86316c00-0847-43a8-8176-834f264e0307"", ""techLead"": ""戚挺"", ""in_delivery"": true, ""estimated_iteration"": ""预计0523迭代之后完成交付"", ""delivery_content"": ""配合业务进行固收O45迁移\n交易所固收平台迁移至互联网平台，涉及到交易链路、行情、RDS等变更""}",8b6f3266-ad5d-4193-8b2e-724da8b4a476,7218809e-4f32-4466-a207-8260f28b501d
,美债calypso替代项目-内部服务优化 [0328],<p>【当前迭代交付】基于trade服务和position服务承接和Galaxy、Abacus对接成交流水和期初持仓功能；</p>,5e8c9352-8553-4e87-97dc-88594010f83a,4657dc96-1572-41e3-becd-0ba3d4ff8e22,jira,[],"{""department"": ""信息技术部"", ""it_pm"": ""86316c00-0847-43a8-8176-834f264e0307"", ""techLead"": ""戚挺"", ""in_delivery"": true, ""estimated_iteration"": ""预计0328迭代完成交付"", ""delivery_content"": ""基于trade服务和position服务承接和Galaxy、Abacus对接成交流水和期初持仓功能；""}",8b6f3266-ad5d-4193-8b2e-724da8b4a476,
,智能BI项目POC [0328],,5e8c9352-8553-4e87-97dc-88594010f83a,4657dc96-1572-41e3-becd-0ba3d4ff8e22,jira,[],"{""department"": ""信息技术部"", ""domestic_overseas"": ""境内"", ""center"": ""FICC交易平台中心"", ""team"": ""平台架构"", ""biz_pm"": ""毕成功"", ""it_pm"": ""b5cf400d-4a1a-4daf-8ad7-dc33d720391c"", ""techLead"": ""毕成功"", ""in_delivery"": false, ""estimated_iteration"": ""预计0425迭代完成交付""}",8b6f3266-ad5d-4193-8b2e-724da8b4a476,
,香港金工资讯本地化部署需求 [0328],,5e8c9352-8553-4e87-97dc-88594010f83a,4657dc96-1572-41e3-becd-0ba3d4ff8e22,jira,[],"{""department"": ""信息技术部"", ""domestic_overseas"": ""境内"", ""center"": ""FICC交易平台中心"", ""team"": ""平台架构"", ""biz_pm"": ""毕成功"", ""it_pm"": ""b5cf400d-4a1a-4daf-8ad7-dc33d720391c"", ""techLead"": ""毕成功"", ""in_delivery"": false, ""estimated_iteration"": ""预计0328迭代完成交付""}",8b6f3266-ad5d-4193-8b2e-724da8b4a476,
,【问题修复】南向通债券风控应急白名单支持 [0328],<p>【当前迭代交付】完成问题修复</p>,5e8c9352-8553-4e87-97dc-88594010f83a,4657dc96-1572-41e3-becd-0ba3d4ff8e22,jira,[],"{""department"": ""信息技术部"", ""domestic_overseas"": ""境内"", ""it_pm"": ""86316c00-0847-43a8-8176-834f264e0307"", ""techLead"": ""张俊"", ""in_delivery"": true, ""estimated_iteration"": ""预计0328迭代完成交付"", ""delivery_content"": ""完成问题修复"", ""remarks"": ""已和刘涛、陆中骞沟通""}",8b6f3266-ad5d-4193-8b2e-724da8b4a476,
,【问题修复】金交所现货标的日间持仓计算 [0328],<p>【当前迭代交付】完成问题修复</p>,5e8c9352-8553-4e87-97dc-88594010f83a,4657dc96-1572-41e3-becd-0ba3d4ff8e22,jira,[],"{""department"": ""信息技术部"", ""domestic_overseas"": ""境内"", ""it_pm"": ""86316c00-0847-43a8-8176-834f264e0307"", ""techLead"": ""张俊"", ""in_delivery"": true, ""estimated_iteration"": ""预计0328迭代完成交付"", ""delivery_content"": ""完成问题修复"", ""remarks"": ""已和习云飞、李致远沟通""}",8b6f3266-ad5d-4193-8b2e-724da8b4a476,
,月度授权流程启动迁移 [0328],<p>【当前迭代交付】完成方案设计</p>,5e8c9352-8553-4e87-97dc-88594010f83a,4657dc96-1572-41e3-becd-0ba3d4ff8e22,jira,[],"{""department"": ""信息技术部"", ""domestic_overseas"": ""境内"", ""center"": ""FICC交易平台中心"", ""team"": ""平台架构"", ""biz_pm"": ""姜玉珠"", ""it_pm"": ""15e4d327-6119-4941-85ac-624f7b021630"", ""techLead"": ""毕成功"", ""in_delivery"": false, ""estimated_iteration"": ""预计0425迭代完成交付"", ""delivery_content"": ""完成方案设计""}",8b6f3266-ad5d-4193-8b2e-724da8b4a476,
,审批流程支持上传附件 [0328],<p>【当前迭代交付】完成功能上线：支持审批内容通过附件形式展示，支持审批人审批过程上传附件</p>,5e8c9352-8553-4e87-97dc-88594010f83a,4657dc96-1572-41e3-becd-0ba3d4ff8e22,jira,[],"{""department"": ""信息技术部"", ""domestic_overseas"": ""境内"", ""center"": ""FICC交易平台中心"", ""team"": ""平台架构"", ""biz_pm"": ""姜玉珠"", ""it_pm"": ""15e4d327-6119-4941-85ac-624f7b021630"", ""techLead"": ""毕成功"", ""in_delivery"": true, ""estimated_iteration"": ""预计0328迭代完成交付"", ""delivery_content"": ""完成功能上线：支持审批内容通过附件形式展示，支持审批人审批过程上传附件"", ""remarks"": ""已和高宇航、夏庆飞沟通""}",8b6f3266-ad5d-4193-8b2e-724da8b4a476,
,notify取消给离职用户发送报表 [0328],<p>【当前迭代交付】完成功能上线，去掉大象权限报表中的离职用户和转岗用户</p>,5e8c9352-8553-4e87-97dc-88594010f83a,4657dc96-1572-41e3-becd-0ba3d4ff8e22,jira,[],"{""department"": ""信息技术部"", ""domestic_overseas"": ""境内"", ""center"": ""FICC交易平台中心"", ""team"": ""平台架构"", ""biz_pm"": ""姜玉珠"", ""it_pm"": ""15e4d327-6119-4941-85ac-624f7b021630"", ""techLead"": ""毕成功"", ""in_delivery"": true, ""estimated_iteration"": ""预计0328迭代完成交付"", ""delivery_content"": ""完成功能上线，去掉大象权限报表中的离职用户和转岗用户"", ""remarks"": ""已和朱洲沟通""}",8b6f3266-ad5d-4193-8b2e-724da8b4a476,
,审批监控（新）界面优化 [0328],<p>【当前迭代交付】完成方案设计</p>,5e8c9352-8553-4e87-97dc-88594010f83a,4657dc96-1572-41e3-becd-0ba3d4ff8e22,jira,[],"{""department"": ""信息技术部"", ""domestic_overseas"": ""境内"", ""center"": ""FICC交易平台中心"", ""team"": ""平台架构"", ""biz_pm"": ""姜玉珠"", ""it_pm"": ""15e4d327-6119-4941-85ac-624f7b021630"", ""techLead"": ""张俊"", ""in_delivery"": false, ""estimated_iteration"": ""预计0425迭代完成交付"", ""delivery_content"": ""完成方案设计"", ""remarks"": ""对应前端研发为姚团结""}",8b6f3266-ad5d-4193-8b2e-724da8b4a476,
FICC-91583,AURORA平台优化及HAB整合 [0328],<p>【当前迭代交付】完成产品方案的确认</p>,5e8c9352-8553-4e87-97dc-88594010f83a,4657dc96-1572-41e3-becd-0ba3d4ff8e22,jira,[],"{""department"": ""信息技术部"", ""domestic_overseas"": ""境内"", ""center"": ""FICC交易平台中心"", ""team"": ""策略管理"", ""biz_pm"": ""钱高翔"", ""it_pm"": ""535b3838-1804-4a1f-8353-5320babd97b8"", ""techLead"": ""陈治平"", ""in_delivery"": false, ""delivery_content"": ""完成产品方案的确认"", ""remarks"": ""等待方案汇报评审""}",8b6f3266-ad5d-4193-8b2e-724da8b4a476,d3aec2ab-36f3-4308-a0fb-83e8e501a6a4
,配合OB字段枚举值调整 [0328],<p>【当前迭代交付】完成产品类型、受益人一级、二级类型的枚举值调整</p>,5e8c9352-8553-4e87-97dc-88594010f83a,4657dc96-1572-41e3-becd-0ba3d4ff8e22,jira,[],"{""department"": ""信息技术部"", ""it_pm"": ""1f032804-4e24-4b85-a5d3-e57bb39f84b4"", ""techLead"": ""张弦"", ""in_delivery"": true, ""estimated_iteration"": ""预计0328迭代完成交付"", ""delivery_content"": ""完成产品类型、受益人一级、二级类型的枚举值调整""}",8b6f3266-ad5d-4193-8b2e-724da8b4a476,
